INSERT INTO entrenador (idolimpicoe, nombre, apellidopaterno, apellidomaterno, fechanacimiento , genero) VALUES
	('1729222671772', 'Dillie', 'Fairclough', 'Skeffington', '7/26/1992', 'M'),
	('1729222671773', 'Emilie', 'Klamp', 'Bavin', '6/13/1992', 'F'),
	('1729222671774', 'Immanuel', 'Laker', 'Burnell', '1/8/2002', 'M'),
	('1729222671775', 'Tiffany', 'Ubanks', 'Kelinge', '7/5/1998', 'F'),
	('1729222671776', 'Adelaida', 'Harrild', 'Soff', '1/7/1993', 'F'),
	('1729222671777', 'Calypso', 'Georgi', 'Corrigane', '3/6/1998', 'F'),
	('1729222671778', 'Egon', 'Janas', 'Brookz', '2/27/2002', 'M'),
	('1729222671779', 'Greta', 'Vivian', 'Benns', '10/14/2004', 'F'),
	('1729222671780', 'Aaren', 'Sharma', 'Ilyas', '8/7/2001', 'F'),
	('1729222671781', 'Darsie', 'Gynni', 'Ferenc', '11/8/2000', 'F'),
	('1729222671782', 'Davidde', 'Yerrington', 'MacKomb', '7/15/2002', 'M'),
	('1729222671783', 'Avigdor', 'Sarjent', 'Huyhton', '1/8/2000', 'M'),
	('1729222671784', 'Dion', 'Vasyukhin', 'Pariso', '10/31/1990', 'M'),
	('1729222671785', 'Shea', 'Maes', 'Sirmon', '4/16/1995', 'F'),
	('1729222671786', 'Adria', 'Trowell', 'Piburn', '1/7/1997', 'F'),
	('1729222671787', 'Benjie', 'Curnick', 'Poulglais', '12/16/2003', 'M'),
	('1729222671788', 'Hy', 'Sommerscales', 'Frandsen', '9/6/2003', 'M'),
	('1729222671789', 'Gena', 'Detoile', 'Gateshill', '9/6/2000', 'F'),
	('1729222671790', 'Spike', 'Seabon', 'Goodband', '4/29/2004', 'M'),
	('1729222671791', 'Karlis', 'Taberner', 'Court', '4/24/1994', 'M'),
	('1729222671792', 'Avram', 'Coulling', 'Burnie', '12/27/1996', 'M'),
	('1729222671793', 'Cesare', 'McGrill', 'Brake', '5/23/2002', 'M'),
	('1729222671794', 'Raquel', 'Baylis', 'Imlacke', '10/5/2001', 'F'),
	('1729222671795', 'Clair', 'Compson', 'Christian', '6/9/1990', 'F'),
	('1729222671796', 'Carmela', 'Avrashin', 'Baglow', '12/30/2000', 'F'),
	('1729222671797', 'Emalia', 'Polamontayne', 'Swalough', '7/9/1995', 'F'),
	('1729222671798', 'Liza', 'Cheek', 'Kearey', '11/29/2002', 'F'),
	('1729222671799', 'Ruthanne', 'Jollye', 'Birnie', '9/15/1993', 'F'),
	('1729222671800', 'Gertruda', 'Pettyfar', 'Keers', '7/20/2002', 'F'),
	('1729222671801', 'Nathanil', 'Balfour', 'Grafom', '2/16/1991', 'M'),
	('1729222671802', 'Candie', 'Dee', 'Mumford', '12/28/1999', 'F'),
	('1729222671803', 'Alina', 'Pedden', 'Buffin', '10/30/2004', 'F'),
	('1729222671804', 'Edy', 'Eate', 'Stave', '7/25/2002', 'F'),
	('1729222671805', 'Juli', 'Devigne', 'Hynes', '9/29/1990', 'F'),
	('1729222671806', 'Min', 'Wollard', 'Bruford', '12/23/1990', 'F'),
	('1729222671807', 'Dietrich', 'Moakson', 'Delgardo', '1/11/1990', 'M'),
	('1729222671808', 'Ernestine', 'Burchard', 'Arthur', '1/18/1990', 'F'),
	('1729222671809', 'Aurea', 'Tortis', 'Cordier', '12/18/1995', 'F'),
	('1729222671810', 'Emile', 'Cowin', 'Becarra', '8/19/2001', 'M'),
	('1729222671811', 'Griffie', 'Akerman', 'Pardi', '10/5/1990', 'M'),
	('1729222671812', 'Camella', 'Riby', 'Dumke', '6/7/1996', 'F'),
	('1729222671813', 'Garvin', 'Gowlett', 'Stother', '4/15/1992', 'M'),
	('1729222671814', 'Alvie', 'Cuncarr', 'Climar', '3/18/1992', 'M'),
	('1729222671815', 'Sherman', 'Blenkhorn', 'Shooter', '3/15/1998', 'M'),
	('1729222671816', 'Skipper', 'Blumfield', 'Lightewood', '6/16/1998', 'M'),
	('1729222671817', 'Shara', 'Edgeley', 'Casacchia', '6/28/2001', 'F'),
	('1729222671818', 'Graehme', 'Fritche', 'Shaul', '5/26/2002', 'M'),
	('1729222671819', 'Raynell', 'Warriner', 'Catmull', '5/5/1994', 'F'),
	('1729222671820', 'Lory', 'Salazar', 'Hrishanok', '12/30/2000', 'F'),
	('1729222671821', 'Leland', 'Mosten', 'Tanby', '7/30/1994', 'M'),
	('1729222671822', 'Leigha', 'McAster', 'Slyne', '10/8/1990', 'F'),
	('1729222671823', 'Del', 'Bartlet', 'Gibbie', '6/11/1991', 'M'),
	('1729222671824', 'Augustus', 'Casham', 'Pine', '12/31/1998', 'M'),
	('1729222671825', 'Noellyn', 'Traice', 'Lemme', '5/12/2004', 'F'),
	('1729222671826', 'Obadiah', 'Martt', 'Acton', '12/19/2003', 'M'),
	('1729222671827', 'Devlin', 'Gwilt', 'Yarnold', '3/12/1995', 'M'),
	('1729222671828', 'Carine', 'Livoir', 'Spratling', '8/25/1994', 'F'),
	('1729222671829', 'Kenton', 'Trump', 'Barkly', '4/30/2004', 'M'),
	('1729222671830', 'Aloise', 'Treasaden', 'Burrage', '8/14/1998', 'F'),
	('1729222671831', 'Algernon', 'McCorkell', 'Conor', '2/13/1998', 'M'),
	('1729222671832', 'Gordon', 'Juliff', 'Andric', '1/2/2004', 'M'),
	('1729222671833', 'Maureen', 'Lowcock', 'Scarsbrook', '5/3/1995', 'F'),
	('1729222671834', 'Tamma', 'Arnull', 'Colrein', '10/3/1994', 'F'),
	('1729222671835', 'Eliot', 'Badrick', 'Coughlin', '5/2/1996', 'M'),
	('1729222671836', 'Vergil', 'Edlestone', 'Fairham', '12/7/1996', 'M'),
	('1729222671837', 'Brandon', 'Pudge', 'Carolan', '3/1/1995', 'M'),
	('1729222671838', 'Torrence', 'Hern', 'Zamorano', '10/19/2001', 'M'),
	('1729222671839', 'Marjory', 'Maloney', 'Christophers', '5/1/1991', 'F'),
	('1729222671840', 'Sydney', 'Hinz', 'Boot', '11/25/1997', 'M'),
	('1729222671841', 'Gabriel', 'Flindall', 'Kembery', '7/17/1990', 'M'),
	('1729222671842', 'Cordie', 'Baggaley', 'Dyter', '12/11/2004', 'F'),
	('1729222671843', 'Katha', 'Castelyn', 'Avard', '11/29/1999', 'F'),
	('1729222671844', 'Harrie', 'Flatman', 'Speed', '12/21/2003', 'F'),
	('1729222671845', 'Jandy', 'Strippling', 'Cumberledge', '10/14/1999', 'F'),
	('1729222671846', 'Nadya', 'Fossick', 'Hempel', '12/6/2001', 'F'),
	('1729222671847', 'Pansie', 'Clethro', 'Liquorish', '3/20/2000', 'F'),
	('1729222671848', 'Carma', 'Hobble', 'Georgievski', '12/8/1992', 'F'),
	('1729222671849', 'Morlee', 'De la Harpe', 'Colley', '2/28/2004', 'M'),
	('1729222671850', 'Natale', 'Sarson', 'Clarage', '10/15/2000', 'M'),
	('1729222671851', 'Kerwin', 'Loder', 'McMoyer', '1/8/1995', 'M'),
	('1729222671852', 'Shirlene', 'Josofovitz', 'Toole', '12/22/1995', 'F'),
	('1729222671853', 'Elias', 'Scipsey', 'Bambrick', '8/7/2003', 'M'),
	('1729222671854', 'Marni', 'Larner', 'Regan', '3/17/2000', 'F'),
	('1729222671855', 'Penelopa', 'Conrad', 'Dabels', '12/25/2001', 'F'),
	('1729222671856', 'Kenna', 'Bortoli', 'Pidwell', '12/2/2003', 'F'),
	('1729222671857', 'Wildon', 'Botha', 'Fouracres', '1/10/2001', 'M'),
	('1729222671858', 'Rosy', 'Padefield', 'Milam', '10/29/1990', 'F'),
	('1729222671859', 'Agnese', 'Beynon', 'Gilliatt', '3/8/1997', 'F'),
	('1729222671860', 'Skipton', 'Bourthouloume', 'Spalding', '4/1/2004', 'M'),
	('1729222671861', 'Christen', 'Dutnell', 'Compford', '8/27/2004', 'F'),
	('1729222671862', 'Nerty', 'Shapera', 'Milier', '11/7/2001', 'F'),
	('1729222671863', 'Nikaniki', 'Merriton', 'Biddleston', '9/10/1998', 'F'),
	('1729222671864', 'Terry', 'McGill', 'Hoyes', '10/30/2001', 'F'),
	('1729222671865', 'Waverly', 'Berryman', 'Beden', '6/20/1992', 'M'),
	('1729222671866', 'Wes', 'Looks', 'Willetts', '12/26/2001', 'M'),
	('1729222671867', 'Blake', 'Behnecken', 'Oaten', '8/29/2003', 'M'),
	('1729222671868', 'Cheslie', 'Birkinshaw', 'Bagshawe', '7/13/2003', 'F'),
	('1729222671869', 'Arch', 'Genike', 'Tremmil', '10/17/2000', 'M'),
	('1729222671870', 'Raleigh', 'Nuzzetti', 'Acuna', '2/18/1995', 'M'),
	('1729222671871', 'Zitella', 'Grunder', 'Rubinov', '9/5/2004', 'F'),
	('1729222671872', 'Noemi', 'Gravatt', 'Matzkaitis', '12/9/1991', 'F'),
	('1729222671873', 'Hastie', 'Greschik', 'MacRinn', '7/16/1994', 'M'),
	('1729222671874', 'Calhoun', 'Kennard', 'Rudkin', '3/5/1993', 'M'),
	('1729222671875', 'Welsh', 'Edgcombe', 'Pickthorn', '3/14/1991', 'M'),
	('1729222671876', 'Irina', 'Tigwell', 'Dole', '9/10/1995', 'F'),
	('1729222671877', 'Randolph', 'Emmatt', 'Pipe', '9/7/1994', 'M'),
	('1729222671878', 'Denys', 'Claisse', 'Pilsbury', '10/9/1999', 'M'),
	('1729222671879', 'Aimee', 'Karle', 'Donnersberg', '5/20/2001', 'F'),
	('1729222671880', 'Lawton', 'Robertsson', 'Riccioppo', '10/28/1995', 'M'),
	('1729222671881', 'Delia', 'Iorizzi', 'Fraschini', '12/31/1993', 'F'),
	('1729222671882', 'Audrye', 'McRinn', 'Danks', '10/21/2004', 'F'),
	('1729222671883', 'Fania', 'Haddock', 'McBrearty', '8/26/2001', 'F'),
	('1729222671884', 'Ardella', 'Roof', 'Baume', '1/27/1995', 'F'),
	('1729222671885', 'Chrissy', 'Scrowton', 'Souley', '3/13/2004', 'F'),
	('1729222671886', 'Garald', 'Peppin', 'Janata', '1/17/2004', 'M'),
	('1729222671887', 'Malissa', 'Pittford', 'Barroux', '1/23/1999', 'F'),
	('1729222671888', 'Drona', 'Haruard', 'Rivard', '10/27/1997', 'F'),
	('1729222671889', 'Base', 'Cuerdall', 'Oxbrow', '11/16/1991', 'M'),
	('1729222671890', 'Sascha', 'Springtorpe', 'Jerschke', '6/2/1992', 'F'),
	('1729222671891', 'Warde', 'Ranby', 'Pouton', '4/29/1993', 'M'),
	('1729222671892', 'Daryl', 'Fairlie', 'Tuiller', '11/2/1993', 'F'),
	('1729222671893', 'Marlon', 'Marginson', 'Caukill', '3/31/1999', 'M'),
	('1729222671894', 'Aindrea', 'Vink', 'Mertel', '8/11/1991', 'F'),
	('1729222671895', 'Cherry', 'Boscher', 'Escott', '11/2/1992', 'F'),
	('1729222671896', 'Cassondra', 'Cliburn', 'Brankley', '8/8/1997', 'F'),
	('1729222671897', 'Belia', 'Clapison', 'Guidetti', '4/12/1996', 'F'),
	('1729222671898', 'Linea', 'Elks', 'Verbruggen', '6/7/1992', 'F'),
	('1729222671899', 'Angelique', 'Lathom', 'Hartus', '7/18/2004', 'F'),
	('1729222671900', 'Othella', 'Swinyard', 'Murra', '5/30/1991', 'F'),
	('1729222671901', 'Jard', 'Bowbrick', 'Colebrook', '9/1/1991', 'M'),
	('1729222671902', 'Nathanael', 'Thatcher', 'Bricket', '8/2/1990', 'M'),
	('1729222671903', 'Sullivan', 'Danihel', 'Tuffield', '1/4/1998', 'M'),
	('1729222671904', 'Jesselyn', 'Greenard', 'Rowlstone', '9/5/1995', 'F'),
	('1729222671905', 'Paton', 'Bruggen', 'MacKaig', '6/29/2002', 'M'),
	('1729222671906', 'Clo', 'Muglestone', 'Suddaby', '9/3/2000', 'F'),
	('1729222671907', 'Richy', 'Jacqueme', 'Buzek', '7/4/2002', 'M'),
	('1729222671908', 'Laurence', 'Sawnwy', 'Owttrim', '7/15/1990', 'M'),
	('1729222671909', 'Minette', 'Capnor', 'Conyard', '12/17/1994', 'F'),
	('1729222671910', 'Gayelord', 'Pudan', 'Mahady', '9/12/1994', 'M'),
	('1729222671911', 'Kahaleel', 'Bretherton', 'Lott', '10/8/1999', 'M'),
	('1729222671912', 'Erin', 'Shea', 'Tarte', '3/16/1998', 'M'),
	('1729222671913', 'Marinna', 'Lawlance', 'Fayre', '11/29/1999', 'F'),
	('1729222671914', 'Jimmie', 'Cavanagh', 'Batter', '9/20/1997', 'M'),
	('1729222671915', 'Bobbette', 'Priddle', 'Tather', '3/13/1992', 'F'),
	('1729222671916', 'Caron', 'Bakewell', 'Westhead', '9/24/1993', 'F'),
	('1729222671917', 'Dex', 'Kroin', 'Stroband', '6/10/2002', 'M'),
	('1729222671918', 'Pattie', 'Saltwell', 'Domeney', '3/8/2000', 'M'),
	('1729222671919', 'Terra', 'Richt', 'Jossel', '12/17/1998', 'F'),
	('1729222671920', 'Casandra', 'Siege', 'Flatt', '3/30/1998', 'F'),
	('1729222671921', 'Emelita', 'Krysiak', 'Flintoff', '8/6/1990', 'F');
	

INSERT INTO pais (nombre, triclave) VALUES
	('Afganistán', 'AFG'),
	('Albania', 'ALB'),
	('Alemania', 'DEU'),
	('Andorra', 'AND'),
	('Angola', 'AGO'),
	('Anguila', 'AIA'),
	('Antártida', 'ATA'),
	('Antigua y Barbuda', 'ATG'),
	('Arabia Saudita', 'SAU'),
	('Argelia', 'DZA'),
	('Argentina', 'ARG'),
	('Armenia', 'ARM'),
	('Aruba', 'ABW'),
	('Australia', 'AUS'),
	('Austria', 'AUT'),
	('Azerbaiyán', 'AZE'),
	('Bélgica', 'BEL'),
	('Bahamas', 'BHS'),
	('Bahrein', 'BHR'),
	('Bangladesh', 'BGD'),
	('Barbados', 'BRB'),
	('Belice', 'BLZ'),
	('Benín', 'BEN'),
	('Bhután', 'BTN'),
	('Bielorrusia', 'BLR'),
	('Birmania', 'MMR'),
	('Bolivia', 'BOL'),
	('Bosnia y Herzegovina', 'BIH'),
	('Botsuana', 'BWA'),
	('Brasil', 'BRA'),
	('Brunéi', 'BRN'),
	('Bulgaria', 'BGR'),
	('Burkina Faso', 'BFA'),
	('Burundi', 'BDI'),
	('Cabo Verde', 'CPV'),
	('Camboya', 'KHM'),
	('Camerún', 'CMR'),
	('Canadá', 'CAN'),
	('Chad', 'TCD'),
	('Chile', 'CHL'),
	('China', 'CHN'),
	('Chipre', 'CYP'),
	('Ciudad del Vaticano', 'VAT'),
	('Colombia', 'COL'),
	('Comoras', 'COM'),
	('República del Congo', 'COG'),
	('República Democrática del Congo', 'COD'),
	('Corea del Norte', 'PRK'),
	('Corea del Sur', 'KOR'),
	('Costa de Marfil', 'CIV'),
	('Costa Rica', 'CRI'),
	('Croacia', 'HRV'),
	('Cuba', 'CUB'),
	('Curazao', 'CWU'),
	('Dinamarca', 'DNK'),
	('Dominica', 'DMA'),
	('Ecuador', 'ECU'),
	('Egipto', 'EGY'),
	('El Salvador', 'SLV'),
	('Emiratos Árabes Unidos', 'ARE'),
	('Eritrea', 'ERI'),
	('Eslovaquia', 'SVK'),
	('Eslovenia', 'SVN'),
	('España', 'ESP'),
	('Estados Unidos de América', 'USA'),
	('Estonia', 'EST'),
	('Etiopía', 'ETH'),
	('Filipinas', 'PHL'),
	('Finlandia', 'FIN'),
	('Fiyi', 'FJI'),
	('Francia', 'FRA'),
	('Gabón', 'GAB'),
	('Gambia', 'GMB'),
	('Georgia', 'GEO'),
	('Ghana', 'GHA'),
	('Gibraltar', 'GIB'),
	('Granada', 'GRD'),
	('Grecia', 'GRC'),
	('Groenlandia', 'GRL'),
	('Guadalupe', 'GLP'),
	('Guam', 'GUM'),
	('Guatemala', 'GTM'),
	('Guayana Francesa', 'GUF'),
	('Guernsey', 'GGY'),
	('Guinea', 'GIN'),
	('Guinea Ecuatorial', 'GNQ'),
	('Guinea-Bissau', 'GNB'),
	('Guyana', 'GUY'),
	('Haití', 'HTI'),
	('Honduras', 'HND'),
	('Hong kong', 'HKG'),
	('Hungría', 'HUN'),
	('India', 'IND'),
	('Indonesia', 'IDN'),
	('Irán', 'IRN'),
	('Irak', 'IRQ'),
	('Irlanda', 'IRL'),
	('Isla Bouvet', 'BVT'),
	('Isla de Man', 'IMN'),
	('Isla de Navidad', 'CXR'),
	('Isla Norfolk', 'NFK'),
	('Islandia', 'ISL'),
	('Islas Bermudas', 'BMU'),
	('Islas Caimán', 'CYM'),
	('Islas Cocos (Keeling)', 'CCK'),
	('Islas Cook', 'COK'),
	('Islas de Åland', 'ALA'),
	('Islas Feroe', 'FRO'),
	('Islas Georgias del Sur y Sandwich del Sur', 'SGS'),
	('Islas Heard y McDonald', 'HMD'),
	('Islas Maldivas', 'MDV'),
	('Islas Malvinas', 'FLK'),
	('Islas Marianas del Norte', 'MNP'),
	('Islas Marshall', 'MHL'),
	('Islas Pitcairn', 'PCN'),
	('Islas Salomón', 'SLB'),
	('Islas Turcas y Caicos', 'TCA'),
	('Islas Ultramarinas Menores de Estados Unidos', 'UMI'),
	('Islas Vírgenes Británicas', 'VGB'),
	('Islas Vírgenes de los Estados Unidos', 'VIR'),
	('Israel', 'ISR'),
	('Italia', 'ITA'),
	('Jamaica', 'JAM'),
	('Japón', 'JPN'),
	('Jersey', 'JEY'),
	('Jordania', 'JOR'),
	('Kazajistán', 'KAZ'),
	('Kenia', 'KEN'),
	('Kirguistán', 'KGZ'),
	('Kiribati', 'KIR'),
	('Kuwait', 'KWT'),
	('Líbano', 'LBN'),
	('Laos', 'LAO'),
	('Lesoto', 'LSO'),
	('Letonia', 'LVA'),
	('Liberia', 'LBR'),
	('Libia', 'LBY'),
	('Liechtenstein', 'LIE'),
	('Lituania', 'LTU'),
	('Luxemburgo', 'LUX'),
	('México', 'MEX'),
	('Mónaco', 'MCO'),
	('Macao', 'MAC'),
	('Macedônia', 'MKD'),
	('Madagascar', 'MDG'),
	('Malasia', 'MYS'),
	('Malawi', 'MWI'),
	('Mali', 'MLI'),
	('Malta', 'MLT'),
	('Marruecos', 'MAR'),
	('Martinica', 'MTQ'),
	('Mauricio', 'MUS'),
	('Mauritania', 'MRT'),
	('Mayotte', 'MYT'),
	('Micronesia', 'FSM'),
	('Moldavia', 'MDA'),
	('Mongolia', 'MNG'),
	('Montenegro', 'MNE'),
	('Montserrat', 'MSR'),
	('Mozambique', 'MOZ'),
	('Namibia', 'NAM'),
	('Nauru', 'NRU'),
	('Nepal', 'NPL'),
	('Nicaragua', 'NIC'),
	('Niger', 'NER'),
	('Nigeria', 'NGA'),
	('Niue', 'NIU'),
	('Noruega', 'NOR'),
	('Nueva Caledonia', 'NCL'),
	('Nueva Zelanda', 'NZL'),
	('Omán', 'OMN'),
	('Países Bajos', 'NLD'),
	('Pakistán', 'PAK'),
	('Palau', 'PLW'),
	('Palestina', 'PSE'),
	('Panamá', 'PAN'),
	('Papúa Nueva Guinea', 'PNG'),
	('Paraguay', 'PRY'),
	('Perú', 'PER'),
	('Polinesia Francesa', 'PYF'),
	('Polonia', 'POL'),
	('Portugal', 'PRT'),
	('Puerto Rico', 'PRI'),
	('Qatar', 'QAT'),
	('Reino Unido', 'GBR'),
	('República Centroafricana', 'CAF'),
	('República Checa', 'CZE'),
	('República Dominicana', 'DOM'),
	('República de Sudán del Sur', 'SSD'),
	('Reunión', 'REU'),
	('Ruanda', 'RWA'),
	('Rumanía', 'ROU'),
	('Rusia', 'RUS'),
	('Sahara Occidental', 'ESH'),
	('Samoa', 'WSM'),
	('Samoa Americana', 'ASM'),
	('San Bartolomé', 'BLM'),
	('San Cristóbal y Nieves', 'KNA'),
	('San Marino', 'SMR'),
	('San Martín (Francia)', 'MAF'),
	('San Pedro y Miquelón', 'SPM'),
	('San Vicente y las Granadinas', 'VCT'),
	('Santa Elena', 'SHN'),
	('Santa Lucía', 'LCA'),
	('Santo Tomé y Príncipe', 'STP'),
	('Senegal', 'SEN'),
	('Serbia', 'SRB'),
	('Seychelles', 'SYC'),
	('Sierra Leona', 'SLE'),
	('Singapur', 'SGP'),
	('Sint Maarten', 'SMX'),
	('Siria', 'SYR'),
	('Somalia', 'SOM'),
	('Sri lanka', 'LKA'),
	('Sudáfrica', 'ZAF'),
	('Sudán', 'SDN'),
	('Suecia', 'SWE'),
	('Suiza', 'CHE'),
	('Surinám', 'SUR'),
	('Svalbard y Jan Mayen', 'SJM'),
	('Swazilandia', 'SWZ'),
	('Tayikistán', 'TJK'),
	('Tailandia', 'THA'),
	('Taiwán', 'TWN'),
	('Tanzania', 'TZA'),
	('Territorio Británico del Océano Índico', 'IOT'),
	('Territorios Australes y Antárticas Franceses', 'ATF'),
	('Timor Oriental', 'TLS'),
	('Togo', 'TGO'),
	('Tokelau', 'TKL'),
	('Tonga', 'TON'),
	('Trinidad y Tobago', 'TTO'),
	('Tunez', 'TUN'),
	('Turkmenistán', 'TKM'),
	('Turquía', 'TUR'),
	('Tuvalu', 'TUV'),
	('Ucrania', 'UKR'),
	('Uganda', 'UGA'),
	('Uruguay', 'URY'),
	('Uzbekistán', 'UZB'),
	('Vanuatu', 'VUT'),
	('Venezuela', 'VEN'),
	('Vietnam', 'VNM'),
	('Wallis y Futuna', 'WLF'),
	('Yemen', 'YEM'),
	('Yibuti', 'DJI'),
	('Zambia', 'ZMB'),
	('Zimbabue', 'ZWE');
	
INSERT INTO atleta (idolimpicoa, idolimpicoe, triclave, nombre, apellidopaterno, apellidomaterno, fechanacimiento, genero) VALUES
	('1729225212922', '1729222671772', 'CAN', 'Corinna', 'Link', 'Doughill', '4/22/1992', 'F'),
	('1729225212923', '1729222671773', 'TUV', 'Carney', 'Eggleton', 'Guitonneau', '9/3/1994', 'M'),
	('1729225212924', '1729222671774', 'MEX', 'Benedikt', 'Bianco', 'Mowling', '6/30/2000', 'M'),
	('1729225212925', '1729222671775', 'GMB', 'Julia', 'Praundlin', 'Eichmann', '10/31/1990', 'F'),
	('1729225212926', '1729222671776', 'LIE', 'Shir', 'Badger', 'Scopes', '1/22/1995', 'F'),
	('1729225212927', '1729222671777', 'LCA', 'Stinky', 'Sproul', 'Klais', '10/3/1993', 'M'),
	('1729225212928', '1729222671778', 'LSO', 'Flossie', 'Aslin', 'Tomczykiewicz', '6/27/1990', 'F'),
	('1729225212929', '1729222671779', 'GLP', 'Etty', 'Hunstone', 'Prout', '6/16/1992', 'F'),
	('1729225212930', '1729222671780', 'RUS', 'Valle', 'Petrello', 'Redding', '11/16/1990', 'M'),
	('1729225212931', '1729222671781', 'MDG', 'Leann', 'Algie', 'Pollack', '8/13/2001', 'F'),
	('1729225212932', '1729222671782', 'KIR', 'Godwin', 'Milkeham', 'Nutt', '3/4/2004', 'M'),
	('1729225212933', '1729222671783', 'STP', 'Calv', 'Shortan', 'Fabbro', '3/10/1992', 'M'),
	('1729225212934', '1729222671784', 'GAB', 'Melodie', 'Gowthrop', 'Aucoate', '1/11/1993', 'F'),
	('1729225212935', '1729222671785', 'UGA', 'Bobinette', 'Olenchenko', 'Blaney', '11/19/2004', 'F'),
	('1729225212936', '1729222671786', 'LVA', 'Micheil', 'Aicken', 'Canape', '4/26/1999', 'M'),
	('1729225212937', '1729222671787', 'MMR', 'Bil', 'Fries', 'Freyn', '4/25/1995', 'M'),
	('1729225212938', '1729222671788', 'PER', 'Thaddus', 'Cleyburn', 'Hender', '11/18/2002', 'M'),
	('1729225212939', '1729222671789', 'BRB', 'Ninon', 'Tabourier', 'Longmuir', '4/18/1990', 'F'),
	('1729225212940', '1729222671790', 'ISL', 'Minnaminnie', 'Kemble', 'Wimpress', '9/6/2003', 'F'),
	('1729225212941', '1729222671791', 'MWI', 'Kerry', 'Nicol', 'Wassell', '9/17/2002', 'F'),
	('1729225212942', '1729222671792', 'SOM', 'Sam', 'Wear', 'McDermid', '5/11/1999', 'M'),
	('1729225212943', '1729222671793', 'LUX', 'Judd', 'Bransom', 'Rope', '2/8/1995', 'M'),
	('1729225212944', '1729222671794', 'TUR', 'Franz', 'Linnett', 'Huffy', '11/6/1992', 'M'),
	('1729225212945', '1729222671795', 'MNG', 'Etty', 'Headington', 'Scrinage', '2/7/2001', 'F'),
	('1729225212946', '1729222671796', 'MNE', 'Constantin', 'Brise', 'Hexham', '3/28/2001', 'M'),
	('1729225212947', '1729222671797', 'MAC', 'Urbain', 'Whyatt', 'Hebditch', '6/14/1990', 'M'),
	('1729225212948', '1729222671798', 'CRI', 'Fairlie', 'MattiCCI', 'McKendry', '1/30/1996', 'M'),
	('1729225212949', '1729222671799', 'FIN', 'Denise', 'McDonogh', 'Jirick', '1/28/2004', 'F'),
	('1729225212950', '1729222671800', 'SDN', 'Jeralee', 'Bly', 'McQueen', '8/15/2001', 'F'),
	('1729225212951', '1729222671801', 'SDN', 'Lazar', 'Esel', 'Tomasello', '9/17/1993', 'M'),
	('1729225212952', '1729222671802', 'TKM', 'Christyna', 'Lauritzen', 'Sidney', '8/24/2000', 'F'),
	('1729225212953', '1729222671803', 'VEN', 'Nicoline', 'Sinclair', 'Edmenson', '9/23/1996', 'F'),
	('1729225212954', '1729222671804', 'ZWE', 'Penelope', 'Bourner', 'Poel', '9/16/1996', 'F'),
	('1729225212955', '1729222671805', 'THA', 'Jone', 'Pollicote', 'Biagioni', '5/4/1994', 'M'),
	('1729225212956', '1729222671806', 'IRL', 'Alard', 'Euesden', 'Portingale', '4/16/2000', 'M'),
	('1729225212957', '1729222671807', 'GNB', 'Martyn', 'Truscott', 'Faichney', '11/28/1993', 'M'),
	('1729225212958', '1729222671808', 'MCO', 'Phaidra', 'Pischof', 'Curds', '3/29/1995', 'F'),
	('1729225212959', '1729222671809', 'TKM', 'Tootsie', 'Dowty', 'Porson', '8/5/1997', 'F'),
	('1729225212960', '1729222671810', 'LIE', 'Grazia', 'Rothwell', 'Capaldi', '9/11/1992', 'F'),
	('1729225212961', '1729222671811', 'ATG', 'Holt', 'Rodger', 'Eagle', '1/29/1998', 'M'),
	('1729225212962', '1729222671812', 'ESP', 'Giovanni', 'Weeke', 'McCaghan', '9/20/1995', 'M'),
	('1729225212963', '1729222671813', 'SVK', 'Vladamir', 'Schwandermann', 'Rookes', '5/17/2000', 'M'),
	('1729225212964', '1729222671814', 'BEN', 'Tyson', 'Conley', 'Heustace', '10/22/1990', 'M'),
	('1729225212965', '1729222671815', 'EGY', 'Elonore', 'Fielding', 'Dobing', '6/25/1996', 'F'),
	('1729225212966', '1729222671816', 'ALB', 'Horst', 'Caldaro', 'Cranmor', '9/17/1996', 'M'),
	('1729225212967', '1729222671817', 'KGZ', 'Darnell', 'Dowe', 'Yuryaev', '2/9/2003', 'M'),
	('1729225212968', '1729222671818', 'ERI', 'Levi', 'Cleal', 'Fisbey', '5/6/1992', 'M'),
	('1729225212969', '1729222671819', 'SGP', 'Demetre', 'Deavin', 'McGrudder', '9/10/1993', 'M'),
	('1729225212970', '1729222671820', 'SAU', 'Robin', 'Feldmann', 'Brunotti', '11/15/1992', 'F'),
	('1729225212971', '1729222671821', 'SWE', 'Quint', 'Eckly', 'Brailey', '12/15/1991', 'M'),
	('1729225212972', '1729222671822', 'MCO', 'Shay', 'Matts', 'Blaza', '12/16/1996', 'M'),
	('1729225212973', '1729222671823', 'SLB', 'Esme', 'Scobbie', 'McRinn', '10/12/1995', 'F'),
	('1729225212974', '1729222671824', 'PAN', 'Bernetta', 'Bluett', 'Wetwood', '3/20/1991', 'F'),
	('1729225212975', '1729222671825', 'TUR', 'Winni', 'Celier', 'Melville', '6/1/1996', 'F'),
	('1729225212976', '1729222671826', 'ITA', 'Sargent', 'Hymers', 'Phillins', '12/29/1996', 'M'),
	('1729225212977', '1729222671827', 'SPM', 'Helaine', 'Arger', 'Cicullo', '10/23/1996', 'F'),
	('1729225212978', '1729222671828', 'BRN', 'Madison', 'Clemenza', 'Affleck', '7/19/1999', 'M'),
	('1729225212979', '1729222671829', 'GAB', 'Brody', 'Kervin', 'Painter', '2/4/2000', 'M'),
	('1729225212980', '1729222671830', 'LBN', 'Hazel', 'Dillingham', 'Konke', '7/16/1998', 'F'),
	('1729225212981', '1729222671831', 'SMR', 'Vivian', 'Kindon', 'Milley', '8/9/2002', 'F'),
	('1729225212982', '1729222671832', 'MAR', 'Elisabetta', 'Driffe', 'Keyson', '6/2/2000', 'F'),
	('1729225212983', '1729222671833', 'CIV', 'Abel', 'Sayes', 'Debold', '1/18/1999', 'M'),
	('1729225212984', '1729222671834', 'EGY', 'Myrtia', 'Battey', 'Ketton', '8/20/1990', 'F'),
	('1729225212985', '1729222671835', 'AND', 'Arney', 'MacMarcuis', 'Bownass', '1/8/1999', 'M'),
	('1729225212986', '1729222671836', 'BLM', 'Law', 'Wesgate', 'Worcester', '2/5/1993', 'M'),
	('1729225212987', '1729222671837', 'BLR', 'Alicia', 'Caisley', 'Arnely', '12/31/1998', 'F'),
	('1729225212988', '1729222671838', 'VEN', 'Raynell', 'Fendlen', 'Montes', '9/5/1990', 'F'),
	('1729225212989', '1729222671839', 'COL', 'Ross', 'Beddin', 'MacGhee', '8/28/2000', 'M'),
	('1729225212990', '1729222671840', 'GRD', 'Joscelin', 'Le Barre', 'Child', '6/10/1993', 'F'),
	('1729225212991', '1729222671841', 'BOL', 'Merilyn', 'Grushin', 'Thies', '12/26/1991', 'F'),
	('1729225212992', '1729222671842', 'CUB', 'Sayres', 'Ends', 'Hemmingway', '6/18/2004', 'M'),
	('1729225212993', '1729222671843', 'GUM', 'Cordy', 'Popplewell', 'Spracklin', '10/11/1995', 'M'),
	('1729225212994', '1729222671844', 'HMD', 'Eward', 'Hargerie', 'Maudlen', '8/13/2004', 'M'),
	('1729225212995', '1729222671845', 'SLB', 'Christel', 'Sparshott', 'Heinert', '9/8/1991', 'F'),
	('1729225212996', '1729222671846', 'CYP', 'Diarmid', 'Whitecross', 'Raistrick', '7/28/1993', 'M'),
	('1729225212997', '1729222671847', 'SMX', 'Emile', 'Blincow', 'Gianneschi', '9/28/2003', 'M'),
	('1729225212998', '1729222671848', 'AZE', 'Norton', 'Damp', 'Sweeney', '10/29/2002', 'M'),
	('1729225212999', '1729222671849', 'USA', 'Mollee', 'Gilhespy', 'Linne', '5/15/1996', 'F'),
	('1729225213000', '1729222671850', 'BLM', 'Richart', 'Flowith', 'Shirt', '2/19/2001', 'M'),
	('1729225213001', '1729222671851', 'MMR', 'Adolf', 'Eyam', 'Alexsandrev', '5/15/2002', 'M'),
	('1729225213002', '1729222671852', 'FLK', 'Marve', 'Risby', 'Insworth', '8/21/1991', 'M'),
	('1729225213003', '1729222671853', 'ATF', 'Mathias', 'Shank', 'Mosley', '5/21/2000', 'M'),
	('1729225213004', '1729222671854', 'SDN', 'Dolph', 'Gentery', 'Sunnucks', '1/16/2003', 'M'),
	('1729225213005', '1729222671855', 'LBR', 'Genia', 'Gashion', 'Newberry', '6/15/1996', 'F'),
	('1729225213006', '1729222671856', 'BOL', 'Stefano', 'Andrejs', 'Schollar', '6/23/2000', 'M'),
	('1729225213007', '1729222671857', 'MYT', 'Cathrin', 'Leadbitter', 'Narducci', '10/14/1990', 'F'),
	('1729225213008', '1729222671858', 'CCK', 'Neysa', 'Hussell', 'Richardson', '7/13/2000', 'F'),
	('1729225213009', '1729222671859', 'BEN', 'Erinn', 'Pridgeon', 'Carnson', '2/24/2001', 'F'),
	('1729225213010', '1729222671860', 'DZA', 'Corbin', 'Annesley', 'Stainfield', '12/26/1993', 'M'),
	('1729225213011', '1729222671861', 'ASM', 'Anson', 'Standbrooke', 'Abrahams', '1/17/1996', 'M'),
	('1729225213012', '1729222671862', 'TTO', 'Fred', 'Frame', 'Maytom', '1/30/1998', 'F'),
	('1729225213013', '1729222671863', 'KAZ', 'Fields', 'Zuanelli', 'Rowledge', '12/5/1998', 'M'),
	('1729225213014', '1729222671864', 'BTN', 'Austin', 'Haill', 'Papez', '6/30/1999', 'M'),
	('1729225213015', '1729222671865', 'JOR', 'Vance', 'Sherville', 'Nystrom', '10/15/1999', 'M'),
	('1729225213016', '1729222671866', 'NFK', 'Kassia', 'Guthrum', 'Blowers', '5/9/1991', 'F'),
	('1729225213017', '1729222671867', 'MDA', 'Mariejeanne', 'Inston', 'Sliney', '3/23/1998', 'F'),
	('1729225213018', '1729222671868', 'NGA', 'Alec', 'Stallan', 'Ganderton', '3/24/1997', 'M'),
	('1729225213019', '1729222671869', 'EGY', 'Bowie', 'Covet', 'Schowenburg', '8/22/2003', 'M'),
	('1729225213020', '1729222671870', 'GGY', 'Ivor', 'Selvey', 'Frain', '9/6/1996', 'M'),
	('1729225213021', '1729222671871', 'NIU', 'Penny', 'Canton', 'McPeake', '12/13/1994', 'M'),
	('1729225213022', '1729222671872', 'LBY', 'Nicholle', 'Jeyness', 'Slinger', '2/13/1993', 'F'),
	('1729225213023', '1729222671873', 'BFA', 'Franciska', 'Brunke', 'Bartusek', '10/9/2003', 'F'),
	('1729225213024', '1729222671874', 'NPL', 'Stavro', 'Yannoni', 'Hann', '1/10/1994', 'M'),
	('1729225213025', '1729222671875', 'ARG', 'Julian', 'Varker', 'Batts', '2/25/1994', 'M'),
	('1729225213026', '1729222671876', 'BTN', 'Loree', 'Baddoe', 'Lenchenko', '3/12/2000', 'F'),
	('1729225213027', '1729222671877', 'MKD', 'Gusta', 'Gumbley', 'Devenny', '8/3/2000', 'F'),
	('1729225213028', '1729222671878', 'UZB', 'Hermia', 'Shirtliff', 'Naptine', '7/3/1997', 'F'),
	('1729225213029', '1729222671879', 'GUY', 'Sigmund', 'Cahalan', 'Philippou', '1/15/1995', 'M'),
	('1729225213030', '1729222671880', 'MMR', 'Corey', 'Carmont', 'Blacktin', '2/13/1999', 'M'),
	('1729225213031', '1729222671881', 'MAF', 'Pat', 'Whiteman', 'Touson', '10/26/1992', 'F'),
	('1729225213032', '1729222671882', 'WLF', 'Emmanuel', 'Patchett', 'Cuberley', '1/30/1991', 'M'),
	('1729225213033', '1729222671883', 'IND', 'Juanita', 'Sinderson', 'Massingberd', '2/4/1995', 'F'),
	('1729225213034', '1729222671884', 'GHA', 'Edi', 'Hasker', 'Winnard', '2/1/2002', 'F'),
	('1729225213035', '1729222671885', 'RWA', 'Torr', 'Hyndman', 'Skipsea', '3/30/1997', 'M'),
	('1729225213036', '1729222671886', 'COD', 'Pete', 'Tupling', 'Dunlea', '1/15/1995', 'M'),
	('1729225213037', '1729222671887', 'NAM', 'Lynnette', 'Fidelli', 'Tomczykowski', '12/24/2001', 'F'),
	('1729225213038', '1729222671888', 'SWE', 'Edie', 'Boles', 'Brimble', '5/1/2000', 'F'),
	('1729225213039', '1729222671889', 'MUS', 'Halsy', 'Casin', 'Hukins', '8/26/1995', 'M'),
	('1729225213040', '1729222671890', 'QAT', 'Gasparo', 'Silman', 'Todaro', '1/8/1992', 'M'),
	('1729225213041', '1729222671891', 'EST', 'Phelia', 'Mounsey', 'Craft', '2/28/1996', 'F'),
	('1729225213042', '1729222671892', 'MHL', 'Rowan', 'Camilli', 'Tabard', '10/20/2003', 'M'),
	('1729225213043', '1729222671893', 'GRC', 'Cheryl', 'Stubbe', 'Blevin', '8/25/1994', 'F'),
	('1729225213044', '1729222671894', 'AND', 'Ewart', 'Measham', 'Oxe', '10/1/1995', 'M'),
	('1729225213045', '1729222671895', 'KGZ', 'Bron', 'Keble', 'Phelipeaux', '11/27/1992', 'M'),
	('1729225213046', '1729222671896', 'SEN', 'Burke', 'Thebe', 'Geach', '7/17/2002', 'M'),
	('1729225213047', '1729222671897', 'ATA', 'Forest', 'Andrioletti', 'Fever', '2/1/2002', 'M'),
	('1729225213048', '1729222671898', 'CUB', 'Guinevere', 'Godsal', 'Rickeard', '7/24/2002', 'F'),
	('1729225213049', '1729222671899', 'LKA', 'Nanette', 'Besse', 'Seaman', '6/7/1995', 'F'),
	('1729225213050', '1729222671900', 'SMR', 'Randee', 'Camidge', 'Hacaud', '3/25/1992', 'F'),
	('1729225213051', '1729222671901', 'DEU', 'Clementina', 'Robinson', 'Denson', '3/16/2003', 'F'),
	('1729225213052', '1729222671902', 'GRD', 'Yorgos', 'Ciccone', 'Eberdt', '2/12/1996', 'M'),
	('1729225213053', '1729222671903', 'SJM', 'Glendon', 'Makepeace', 'Cramphorn', '9/29/1995', 'M'),
	('1729225213054', '1729222671904', 'MAR', 'Ted', 'Blanking', 'Batho', '12/18/1999', 'M'),
	('1729225213055', '1729222671905', 'LCA', 'Skipper', 'Waddup', 'Shortcliffe', '2/17/1999', 'M'),
	('1729225213056', '1729222671906', 'ATG', 'Elora', 'Roma', 'Saffell', '8/17/1999', 'F'),
	('1729225213057', '1729222671907', 'GRC', 'Trixy', 'Swiffan', 'Christer', '10/8/1999', 'F'),
	('1729225213058', '1729222671908', 'SPM', 'Sancho', 'Christopherson', 'Yurkevich', '11/22/1999', 'M'),
	('1729225213059', '1729222671909', 'GIB', 'Iosep', 'Limeburn', 'Antonnikov', '1/29/1992', 'M'),
	('1729225213060', '1729222671910', 'GRD', 'Hercules', 'Perton', 'Barabich', '8/7/1996', 'M'),
	('1729225213061', '1729222671911', 'COL', 'Kimberli', 'Brosh', 'Lidgerton', '5/6/1990', 'F'),
	('1729225213062', '1729222671912', 'BRB', 'Shawnee', 'Varnals', 'Bottjer', '9/26/2004', 'F'),
	('1729225213063', '1729222671913', 'BRN', 'Orelee', 'Feldmesser', 'Lemm', '9/7/1999', 'F'),
	('1729225213064', '1729222671914', 'CMR', 'Velvet', 'Babst', 'MacCawley', '8/8/2002', 'F'),
	('1729225213065', '1729222671915', 'CYM', 'Luis', 'Kalker', 'Billiard', '7/6/1992', 'M'),
	('1729225213066', '1729222671916', 'ATG', 'Isa', 'Rodger', 'Gillbe', '7/22/2003', 'M'),
	('1729225213067', '1729222671917', 'COG', 'Klaus', 'Glenny', 'Reichert', '8/24/1997', 'M'),
	('1729225213068', '1729222671918', 'BLM', 'Beulah', 'Hakewell', 'Mowbray', '7/14/2002', 'F'),
	('1729225213069', '1729222671919', 'EGY', 'Hyman', 'Collis', 'Bouchard', '8/26/1995', 'M'),
	('1729225213070', '1729222671920', 'VUT', 'Piggy', 'Oury', 'Fratczak', '2/3/1991', 'M'),
	('1729225213071', '1729222671921', 'SMX', 'Arney', 'Ridout', 'Clancy', '3/6/2002', 'M');
	
INSERT INTO localidad (idlocalidad, nombre, tipo, calle, numero, ciudad, pais, aforo) VALUES
	('1729228277931', 'Stracke, Brown and Padberg', 'abierto', 'Lakewood Gardens', '304', 'Cabriz', 'Portugal', '46'),
	('1729228277932', 'Runolfsdottir Group', 'sin techo', 'Fremont', '345', 'Xiangjia', 'China', '544'),
	('1729228277933', 'Hilll-Watsica', 'sin techo', 'Clyde Gallagher', '300', 'Supu', 'China', '654'),
	('1729228277934', 'Dibbert-Medhurst', 'sin techo', 'Clyde Gallagher', '92', 'Sumber', 'Indonesia', '405'),
	('1729228277935', 'Kuvalis-Heathcote', 'techado', 'Golf', '53', 'Kampungsusah', 'Indonesia', '325'),
	('1729228277936', 'Jast-Graham', 'local', 'Sugar', '27', 'Nakhon Nayok', 'Thailand', '96'),
	('1729228277937', 'Lindgren, Borer and Hermann', 'techado', 'Esker', '430', 'Luofang', 'China', '323'),
	('1729228277938', 'Schaden LLC', 'piscina', 'Iowa', '286', 'Tytuvėnėliai', 'Lithuania', '677'),
	('1729228277939', 'Weber, Gorczany and Keefe', 'techado', 'Gale', '482', 'Obonoma', 'Nigeria', '552'),
	('1729228277940', 'Daniel-Beahan', 'piscina', 'Norway Maple', '445', 'Los Fresnos', 'Mexico', '546'),
	('1729228277941', 'Goodwin and Sons', 'techado', 'Surrey', '347', 'Kuršėnai', 'Lithuania', '111'),
	('1729228277942', 'Spinka-Kemmer', 'techado', 'Lakeland', '433', 'Ar Rumaythah', 'Iraq', '598'),
	('1729228277943', 'Stracke, Labadie and Hodkiewicz', 'local', 'Ilene', '47', 'Ongjin', 'North Korea', '244'),
	('1729228277944', 'Mann Inc', 'local', 'Park Meadow', '301', 'Veselí nad Lužnicí', 'Czech Republic', '452'),
	('1729228277945', 'Volkman, Abbott and Schmidt', 'abierto', 'Helena', '332', 'Hoçisht', 'Albania', '470'),
	('1729228277946', 'Smitham, Rippin and Collier', 'techado', 'Mccormick', '473', 'Danxi', 'China', '366'),
	('1729228277947', 'Brakus, Barton and Hilll', 'sin techo', 'Delladonna', '219', 'Aheloy', 'Bulgaria', '424'),
	('1729228277948', 'Barrows, Wiegand and Beier', 'local', 'Twin Pines', '85', 'Oliveira', 'Brazil', '433'),
	('1729228277949', 'Schiller Group', 'sin techo', 'Maple Wood', '24', 'Zárkos', 'Greece', '220'),
	('1729228277950', 'Dibbert Group', 'local', 'Iowa', '370', 'Krajan Siki', 'Indonesia', '72'),
	('1729228277951', 'Heaney-Kutch', 'piscina', 'Melvin', '426', 'Barra Bonita', 'Brazil', '629'),
	('1729228277952', 'Kertzmann, Hand and Wuckert', 'abierto', 'Oxford', '479', 'Kubang', 'Indonesia', '692'),
	('1729228277953', 'Olson-Stiedemann', 'piscina', 'Quincy', '394', 'Kuroishi', 'Japan', '379'),
	('1729228277954', 'Boyer-Tromp', 'sin techo', 'Iowa', '137', 'Butare', 'Rwanda', '505'),
	('1729228277955', 'Blanda-Emard', 'techado', 'Doe Crossing', '89', 'Shurugwi', 'Zimbabwe', '567'),
	('1729228277956', 'Turcotte, Block and Windler', 'local', 'Surrey', '391', 'Imulolong', 'Indonesia', '413'),
	('1729228277957', 'MacGyver Inc', 'piscina', 'Manitowish', '464', 'Mayhan', 'Mongolia', '679'),
	('1729228277958', 'Conn and Sons', 'techado', 'Bowman', '384', 'Lamadelaine', 'Luxembourg', '517'),
	('1729228277959', 'Morissette LLC', 'techado', 'International', '222', 'Bayt Sāḩūr', 'Palestinian Territory', '536'),
	('1729228277960', 'Wyman-Kerluke', 'techado', 'Farwell', '88', 'Los Frentones', 'Argentina', '477'),
	('1729228277961', 'Zboncak, Quitzon and Heidenreich', 'abierto', 'Northport', '307', 'Ngaoundéré', 'Cameroon', '55'),
	('1729228277962', 'Crooks Inc', 'abierto', 'Miller', '478', 'Energeticheskiy', 'Kazakhstan', '118'),
	('1729228277963', 'Hauck-Blanda', 'abierto', 'Texas', '168', 'Ţahţā', 'Egypt', '76'),
	('1729228277964', 'Renner-Botsford', 'piscina', 'Clemons', '420', 'Glatik', 'Indonesia', '631'),
	('1729228277965', 'Haag, Shanahan and Blick', 'abierto', 'Blue Bill Park', '439', 'Toyonaka', 'Japan', '95'),
	('1729228277966', 'Brekke, Flatley and Schuster', 'sin techo', 'Porter', '106', 'Saint Louis', 'United States', '563'),
	('1729228277967', 'Boyle and Sons', 'sin techo', 'Weeping Birch', '246', 'Steinkjer', 'Norway', '341'),
	('1729228277968', 'Franecki-Koelpin', 'piscina', 'Clemons', '408', 'Tirlyanskiy', 'Russia', '556'),
	('1729228277969', 'Lindgren-Aufderhar', 'local', 'Schlimgen', '423', 'Dulangan', 'Philippines', '22'),
	('1729228277970', 'Koss, Wuckert and Rice', 'local', 'Holy Cross', '150', 'São Raimundo Nonato', 'Brazil', '402'),
	('1729228277971', 'Gusikowski and Sons', 'abierto', 'Messerschmidt', '350', 'Quimper', 'France', '246'),
	('1729228277972', 'Herzog, Harber and Bernhard', 'local', 'Lotheville', '244', 'Roma', 'Italy', '517'),
	('1729228277973', 'Kertzmann, Fisher and Heller', 'piscina', 'American', '16', 'Zaki Biam', 'Nigeria', '294'),
	('1729228277974', 'Ledner and Sons', 'abierto', 'Corscot', '446', 'Langxi', 'China', '440'),
	('1729228277975', 'Runte, Bradtke and DuBuque', 'piscina', 'Butterfield', '97', 'Karibib', 'Namibia', '257'),
	('1729228277976', 'Okuneva-Greenfelder', 'local', 'Vahlen', '181', 'Kitchener', 'Canada', '577'),
	('1729228277977', 'Feest, Connelly and Jones', 'sin techo', 'Blaine', '140', 'Pital', 'Costa Rica', '413'),
	('1729228277978', 'Jerde-Brown', 'piscina', 'Hoepker', '407', 'Bahe', 'China', '692'),
	('1729228277979', 'Kemmer, Spencer and Stanton', 'piscina', 'Larry', '189', 'Kurume', 'Japan', '496'),
	('1729228277980', 'Durgan-Jerde', 'piscina', 'Pankratz', '36', 'Sabana Iglesia', 'Dominican Republic', '146'),
	('1729228277981', 'Dach, Hamill and Reilly', 'techado', 'Anniversary', '404', 'Ferraz de Vasconcelos', 'Brazil', '278'),
	('1729228277982', 'Heidenreich-Greenholt', 'piscina', 'Dakota', '341', 'Zhongshangang', 'China', '599'),
	('1729228277983', 'Schulist, Stokes and Dooley', 'sin techo', 'Clemons', '347', 'Le Lamentin', 'Martinique', '383'),
	('1729228277984', 'Waelchi Group', 'piscina', 'Bowman', '207', 'Balsas', 'Brazil', '444'),
	('1729228277985', 'Bernhard Group', 'techado', 'Judy', '361', 'Al Maşlūb', 'Yemen', '549'),
	('1729228277986', 'Schumm LLC', 'techado', 'Fair Oaks', '159', 'Narowlya', 'Belarus', '618'),
	('1729228277987', 'Conner, Champlin and Cruickshank', 'sin techo', 'Merrick', '157', 'Portariá', 'Greece', '593'),
	('1729228277988', 'Armstrong, Sauer and Turcotte', 'sin techo', 'Starling', '158', 'Baoziba', 'China', '213'),
	('1729228277989', 'Gibson, Toy and Herman', 'techado', 'Pine View', '288', 'Rietavas', 'Lithuania', '504'),
	('1729228277990', 'Kuhlman-Schmeler', 'piscina', 'Clove', '327', 'Aldeia da Mata', 'Portugal', '335'),
	('1729228277991', 'Bartoletti-Homenick', 'local', 'Macpherson', '207', 'San Carlos', 'Peru', '684'),
	('1729228277992', 'Haley and Sons', 'piscina', 'Scott', '236', 'Karangsari', 'Indonesia', '226'),
	('1729228277993', 'Mitchell-Bartoletti', 'sin techo', 'Oak', '377', 'Trélissac', 'France', '284'),
	('1729228277994', 'Hayes-Cremin', 'piscina', 'Golf Course', '402', 'Sinubong', 'Philippines', '680'),
	('1729228277995', 'McDermott, Greenholt and Stoltenberg', 'abierto', 'Fair Oaks', '139', 'Lazaro Cardenas', 'Mexico', '169'),
	('1729228277996', 'Senger, Swift and Kovacek', 'sin techo', 'American Ash', '165', 'Bình Minh', 'Vietnam', '150'),
	('1729228277997', 'Champlin-Jerde', 'sin techo', 'Boyd', '56', 'Ninghai', 'China', '520'),
	('1729228277998', 'Turner-Lubowitz', 'local', 'Di Loreto', '457', 'Camaligan', 'Philippines', '643'),
	('1729228277999', 'Feil and Sons', 'piscina', 'Calypso', '276', 'Grigoropolisskaya', 'Russia', '540'),
	('1729228278000', 'Grady-Orn', 'local', 'Lotheville', '413', 'Kamyzyak', 'Russia', '635'),
	('1729228278001', 'Gutkowski LLC', 'piscina', 'Forster', '65', 'Erfangping', 'China', '474'),
	('1729228278002', 'Reilly-Cummings', 'sin techo', 'Anhalt', '133', 'Souziqiu', 'China', '142'),
	('1729228278003', 'Goyette, Wilderman and Will', 'techado', 'Longview', '322', 'Bluri', 'Indonesia', '260'),
	('1729228278004', 'Grimes-Treutel', 'abierto', 'International', '219', 'Bobojong', 'Indonesia', '161'),
	('1729228278005', 'Treutel, Wilkinson and Hermiston', 'sin techo', 'Surrey', '62', 'Lidun', 'China', '176'),
	('1729228278006', 'Frami and Sons', 'piscina', 'Anderson', '251', 'Baizhang', 'China', '412'),
	('1729228278007', 'Hane-Wehner', 'techado', 'Shelley', '399', 'Mülheim an der Ruhr', 'Germany', '325'),
	('1729228278008', 'Bruen-Weissnat', 'piscina', 'Redwing', '176', 'West End', 'United Kingdom', '307'),
	('1729228278009', 'Botsford, Barton and Amore', 'abierto', 'Dovetail', '328', 'Calinog', 'Philippines', '138'),
	('1729228278010', 'Grant LLC', 'sin techo', 'Nevada', '464', 'Sulkava', 'Finland', '67'),
	('1729228278011', 'Bruen-Considine', 'abierto', 'Corben', '493', 'Baozhu', 'China', '92'),
	('1729228278012', 'Harvey-Bode', 'techado', 'Lawn', '187', 'Changcun', 'China', '20'),
	('1729228278013', 'Boehm LLC', 'abierto', 'Goodland', '190', 'Kiangan', 'Philippines', '211'),
	('1729228278014', 'Balistreri-Morissette', 'techado', 'Novick', '145', 'Petrozavodsk', 'Russia', '249'),
	('1729228278015', 'Heidenreich, DuBuque and Hamill', 'piscina', 'Manley', '403', 'Su-ngai Kolok', 'Thailand', '107'),
	('1729228278016', 'Will-Koch', 'piscina', 'Spohn', '356', 'Marseille', 'France', '503'),
	('1729228278017', 'Skiles, Bruen and Lowe', 'piscina', 'Kipling', '37', 'James Craik', 'Argentina', '262'),
	('1729228278018', 'Collins-Smitham', 'piscina', 'Nobel', '10', 'Sumberdadi', 'Indonesia', '412'),
	('1729228278019', 'Keeling LLC', 'piscina', 'Del Sol', '143', 'Santo Estêvão', 'Brazil', '213'),
	('1729228278020', 'Rath-Stark', 'abierto', 'Talisman', '173', 'Kyzylorda', 'Kazakhstan', '529'),
	('1729228278021', 'Farrell Group', 'local', 'Esch', '318', 'Nuits-Saint-Georges', 'France', '290'),
	('1729228278022', 'Williamson Group', 'techado', 'Cascade', '286', 'Daxin', 'China', '443'),
	('1729228278023', 'Grimes LLC', 'sin techo', 'Brickson Park', '138', 'Caxito', 'Angola', '124'),
	('1729228278024', 'Bernier-Bednar', 'techado', 'Daystar', '104', 'Béziers', 'France', '592'),
	('1729228278025', 'Stehr Group', 'local', 'Scofield', '142', 'Tonghong', 'China', '583'),
	('1729228278026', 'Cummerata, Torp and Purdy', 'local', 'Dennis', '114', 'Feyẕābād', 'Iran', '345'),
	('1729228278027', 'Streich Inc', 'sin techo', 'Nobel', '74', 'Qozonketkan', 'Uzbekistan', '545'),
	('1729228278028', 'Von, Hammes and Leuschke', 'sin techo', 'High Crossing', '485', 'Cipancur', 'Indonesia', '59'),
	('1729228278029', 'Lindgren Inc', 'piscina', 'North', '89', 'Maluno Sur', 'Philippines', '529'),
	('1729228278030', 'Stark and Sons', 'sin techo', 'Blaine', '367', 'Odrinhas', 'Portugal', '47'),
	('1729228278031', 'Borer-Kon', 'sin techo', 'Aberg', '425', 'Salas', 'Peru', '166'),
	('1729228278032', 'Bauch-Brown', 'local', 'Larry', '113', 'Pescara', 'Italy', '225'),
	('1729228278033', 'Wilderman and Sons', 'abierto', 'Maywood', '375', 'Xiapu', 'China', '318'),
	('1729228278034', 'Prosacco LLC', 'techado', 'Mosinee', '59', 'Žďár nad Sázavou', 'Czech Republic', '177'),
	('1729228278035', 'Auer, Ebert and Stiedemann', 'abierto', 'Debs', '479', 'Sandefjord', 'Norway', '279'),
	('1729228278036', 'Leffler-Dach', 'sin techo', 'Hintze', '245', 'Armenia', 'Colombia', '427'),
	('1729228278037', 'Gerhold-Beer', 'local', 'Donald', '480', 'Ashbourne', 'Ireland', '125'),
	('1729228278038', 'Gutmann LLC', 'techado', 'Cambridge', '412', 'Morris', 'Canada', '128'),
	('1729228278039', 'Baumbach Group', 'local', 'Grayhawk', '111', 'Itapemirim', 'Brazil', '101'),
	('1729228278040', 'Kunde-Schuppe', 'piscina', 'Continental', '72', 'Oelaba', 'Indonesia', '317'),
	('1729228278041', 'Mayert, McClure and Jacobi', 'abierto', 'Waywood', '269', 'Panzhuang', 'China', '263'),
	('1729228278042', 'Block, Roberts and Dicki', 'sin techo', 'Helena', '17', 'Sidaurip', 'Indonesia', '283'),
	('1729228278043', 'Durgan, Bosco and Pfannerstill', 'sin techo', 'Welch', '140', 'Hanau', 'Germany', '504'),
	('1729228278044', 'Schultz LLC', 'piscina', 'Garrison', '15', 'Llama', 'Peru', '673'),
	('1729228278045', 'Weber, Reichert and Ankunding', 'local', 'Cottonwood', '297', 'San Antonio Oeste', 'Argentina', '576'),
	('1729228278046', 'Harvey, Upton and Pacocha', 'abierto', 'Monterey', '136', 'Bystryanka', 'Russia', '276'),
	('1729228278047', 'Little, Goodwin and Fay', 'sin techo', 'Rigney', '398', 'Wenxi', 'China', '101'),
	('1729228278048', 'Langworth, Bergstrom and Weissnat', 'abierto', 'Porter', '252', 'Longshan', 'China', '527'),
	('1729228278049', 'Hara Inc', 'piscina', 'Gale', '369', 'Sukadami', 'Indonesia', '267'),
	('1729228278050', 'Bergstrom, Turcotte and Bahringer', 'sin techo', 'Red Cloud', '248', 'Zagnitkiv', 'Ukraine', '126'),
	('1729228278051', 'Stroman Inc', 'local', 'Goodland', '19', 'Yangzhen', 'China', '214'),
	('1729228278052', 'Stamm and Sons', 'abierto', 'Katie', '323', 'Danzao', 'China', '487'),
	('1729228278053', 'Shields LLC', 'sin techo', 'Ilene', '167', 'Bungereng', 'Indonesia', '568'),
	('1729228278054', 'Kiehn, Murazik and Lind', 'techado', 'Ruskin', '377', 'Uluarang', 'Indonesia', '142'),
	('1729228278055', 'Larkin, Wuckert and Kohler', 'sin techo', 'Spohn', '82', 'Shang Boingor', 'China', '306'),
	('1729228278056', 'Prosacco-Gulgowski', 'local', 'Toban', '155', 'Galutu', 'China', '304'),
	('1729228278057', 'Schinner, Goyette and Towne', 'techado', 'Jackson', '452', 'Fuzhuang', 'China', '25'),
	('1729228278058', 'Hand, Quigley and Hagenes', 'sin techo', 'Homewood', '418', 'Nanmu', 'China', '542'),
	('1729228278059', 'Fahey and Sons', 'techado', 'Mifflin', '63', 'Cassanayan', 'Philippines', '209'),
	('1729228278060', 'Stokes, Collier and Stehr', 'sin techo', 'Lighthouse Bay', '105', 'Chigang', 'China', '197'),
	('1729228278061', 'Jerde and Sons', 'abierto', 'Dawn', '171', 'Ţammūn', 'Palestinian Territory', '621'),
	('1729228278062', 'Smitham, Wiegand and Kuhn', 'local', '4th', '32', 'Tilang', 'Indonesia', '671'),
	('1729228278063', 'Little-Wolff', 'piscina', 'Waxwing', '311', 'Khlong Luang', 'Thailand', '620'),
	('1729228278064', 'Predovic, Hoeger and Wiza', 'piscina', 'American', '324', 'Rechitsy', 'Russia', '368'),
	('1729228278065', 'Cole, Watsica and Hamill', 'techado', 'Meadow Valley', '247', 'Samanco', 'Peru', '477'),
	('1729228278066', 'Harris, Leannon and Wolff', 'piscina', 'Reindahl', '85', 'Young America', 'United States', '204'),
	('1729228278067', 'Gulgowski Inc', 'techado', '4th', '198', 'Chanthaburi', 'Thailand', '379'),
	('1729228278068', 'Kilback Inc', 'abierto', 'Glendale', '315', 'Ostrowsko', 'Poland', '529'),
	('1729228278069', 'Kovacek-White', 'sin techo', 'Moulton', '394', 'Donabate', 'Ireland', '267'),
	('1729228278070', 'Schimmel, DuBuque and Feil', 'local', 'Bunker Hill', '163', 'Mehar', 'Pakistan', '479'),
	('1729228278071', 'Ondricka LLC', 'local', 'Esch', '94', 'Hoàn Kiếm', 'Vietnam', '319'),
	('1729228278072', 'Rowe, Metz and Cole', 'techado', 'Everett', '282', 'Arauá', 'Brazil', '182'),
	('1729228278073', 'Hilll, Jones and Feest', 'local', 'Jackson', '476', 'Krotoszyn', 'Poland', '445'),
	('1729228278074', 'Watsica-Robel', 'techado', 'Kropf', '420', 'Dmitriyevskoye', 'Russia', '344'),
	('1729228278075', 'Schumm Group', 'abierto', 'Vidon', '436', 'Štěnovice', 'Czech Republic', '679'),
	('1729228278076', 'Dickinson-Adams', 'piscina', 'Sutherland', '21', 'Daxi', 'China', '108'),
	('1729228278077', 'Hayes, Weissnat and Hammes', 'sin techo', 'Burning Wood', '357', 'Mekarjaya', 'Indonesia', '681'),
	('1729228278078', 'Balistreri and Sons', 'piscina', 'Waubesa', '331', 'Cikulina', 'Indonesia', '673'),
	('1729228278079', 'Effertz-Ward', 'abierto', 'Delaware', '200', 'Münster', 'Germany', '466'),
	('1729228278080', 'Heathcote-Hahn', 'abierto', 'Mendota', '296', 'Gjøvik', 'Norway', '361');
	
INSERT INTO disciplina (iddisciplina, idlocalidad, categoria, nombre) VALUES
	('1729229980883', '1729228277931', 'mixta', 'futbol'),
	('1729229980884', '1729228277932', 'femenil', 'nado 200m'),
	('1729229980885', '1729228277933', 'mixta', '100m planos'),
	('1729229980886', '1729228277934', 'femenil', 'surf'),
	('1729229980887', '1729228277935', 'mixta', '100m planos'),
	('1729229980888', '1729228277936', 'mixta', 'atletismo'),
	('1729229980889', '1729228277937', 'mixta', '100m planos'),
	('1729229980890', '1729228277938', 'masculina', 'surf'),
	('1729229980891', '1729228277939', 'masculina', 'nado 100m'),
	('1729229980892', '1729228277940', 'masculina', 'tiro con arco'),
	('1729229980893', '1729228277941', 'mixta', 'nado 200m'),
	('1729229980894', '1729228277942', 'masculina', 'atletismo'),
	('1729229980895', '1729228277943', 'masculina', 'surf'),
	('1729229980896', '1729228277944', 'femenil', '100m planos'),
	('1729229980897', '1729228277945', 'mixta', 'tiro con arco'),
	('1729229980898', '1729228277946', 'masculina', 'lanzamiento de bola'),
	('1729229980899', '1729228277947', 'femenil', 'nado 200m'),
	('1729229980900', '1729228277948', 'mixta', 'nado 200m'),
	('1729229980901', '1729228277949', 'femenil', 'surf'),
	('1729229980902', '1729228277950', 'mixta', 'nado 200m'),
	('1729229980903', '1729228277951', 'masculina', '100m planos'),
	('1729229980904', '1729228277952', 'femenil', 'lanzamiento de bola'),
	('1729229980905', '1729228277953', 'mixta', 'tiro con arco'),
	('1729229980906', '1729228277954', 'femenil', 'tiro deportivo'),
	('1729229980907', '1729228277955', 'masculina', 'nado 200m'),
	('1729229980908', '1729228277956', 'mixta', 'tiro deportivo'),
	('1729229980909', '1729228277957', 'masculina', 'lanzamiento de javalina'),
	('1729229980910', '1729228277958', 'mixta', 'atletismo'),
	('1729229980911', '1729228277959', 'femenil', 'tiro con arco'),
	('1729229980912', '1729228277960', 'femenil', 'surf'),
	('1729229980913', '1729228277961', 'femenil', '100m planos'),
	('1729229980914', '1729228277962', 'masculina', '100m planos'),
	('1729229980915', '1729228277963', 'masculina', 'nado 100m'),
	('1729229980916', '1729228277964', 'mixta', 'lanzamiento de bola'),
	('1729229980917', '1729228277965', 'mixta', 'surf'),
	('1729229980918', '1729228277966', 'femenil', 'atletismo'),
	('1729229980919', '1729228277967', 'femenil', 'tiro con arco'),
	('1729229980920', '1729228277968', 'femenil', 'nado 200m'),
	('1729229980921', '1729228277969', 'mixta', 'futbol'),
	('1729229980922', '1729228277970', 'masculina', 'surf'),
	('1729229980923', '1729228277971', 'femenil', 'nado 200m'),
	('1729229980924', '1729228277972', 'mixta', 'nado 200m'),
	('1729229980925', '1729228277973', 'masculina', 'surf'),
	('1729229980926', '1729228277974', 'masculina', 'nado 100m'),
	('1729229980927', '1729228277975', 'femenil', 'lanzamiento de javalina'),
	('1729229980928', '1729228277976', 'femenil', 'atletismo'),
	('1729229980929', '1729228277977', 'masculina', 'atletismo'),
	('1729229980930', '1729228277978', 'masculina', 'lanzamiento de javalina'),
	('1729229980931', '1729228277979', 'mixta', 'tiro deportivo'),
	('1729229980932', '1729228277980', 'masculina', 'futbol'),
	('1729229980933', '1729228277981', 'masculina', 'nado 100m'),
	('1729229980934', '1729228277982', 'femenil', 'lanzamiento de javalina'),
	('1729229980935', '1729228277983', 'femenil', 'tiro deportivo'),
	('1729229980936', '1729228277984', 'mixta', 'lanzamiento de bola'),
	('1729229980937', '1729228277985', 'masculina', 'lanzamiento de javalina'),
	('1729229980938', '1729228277986', 'femenil', 'surf'),
	('1729229980939', '1729228277987', 'femenil', 'lanzamiento de bola'),
	('1729229980940', '1729228277988', 'mixta', 'futbol'),
	('1729229980941', '1729228277989', 'mixta', 'atletismo'),
	('1729229980942', '1729228277990', 'femenil', '100m planos'),
	('1729229980943', '1729228277991', 'mixta', 'tiro deportivo'),
	('1729229980944', '1729228277992', 'masculina', 'tiro con arco'),
	('1729229980945', '1729228277993', 'femenil', 'nado 200m'),
	('1729229980946', '1729228277994', 'femenil', 'tiro deportivo'),
	('1729229980947', '1729228277995', 'femenil', 'nado 100m'),
	('1729229980948', '1729228277996', 'femenil', 'tiro deportivo'),
	('1729229980949', '1729228277997', 'masculina', 'tiro con arco'),
	('1729229980950', '1729228277998', 'mixta', 'tiro con arco'),
	('1729229980951', '1729228277999', 'femenil', 'tiro con arco'),
	('1729229980952', '1729228278000', 'mixta', 'lanzamiento de javalina'),
	('1729229980953', '1729228278001', 'masculina', 'lanzamiento de bola'),
	('1729229980954', '1729228278002', 'masculina', 'tiro deportivo'),
	('1729229980955', '1729228278003', 'mixta', '100m planos'),
	('1729229980956', '1729228278004', 'femenil', 'lanzamiento de javalina'),
	('1729229980957', '1729228278005', 'femenil', 'atletismo'),
	('1729229980958', '1729228278006', 'masculina', 'nado 200m'),
	('1729229980959', '1729228278007', 'femenil', 'nado 200m'),
	('1729229980960', '1729228278008', 'masculina', 'tiro con arco'),
	('1729229980961', '1729228278009', 'femenil', 'nado 100m'),
	('1729229980962', '1729228278010', 'femenil', 'tiro con arco'),
	('1729229980963', '1729228278011', 'masculina', 'lanzamiento de javalina'),
	('1729229980964', '1729228278012', 'masculina', '100m planos'),
	('1729229980965', '1729228278013', 'femenil', '100m planos'),
	('1729229980966', '1729228278014', 'femenil', 'atletismo'),
	('1729229980967', '1729228278015', 'mixta', 'futbol'),
	('1729229980968', '1729228278016', 'femenil', 'nado 200m'),
	('1729229980969', '1729228278017', 'mixta', 'nado 200m'),
	('1729229980970', '1729228278018', 'masculina', 'surf'),
	('1729229980971', '1729228278019', 'masculina', 'atletismo'),
	('1729229980972', '1729228278020', 'masculina', 'lanzamiento de javalina'),
	('1729229980973', '1729228278021', 'mixta', 'futbol'),
	('1729229980974', '1729228278022', 'masculina', 'futbol'),
	('1729229980975', '1729228278023', 'masculina', 'nado 100m'),
	('1729229980976', '1729228278024', 'masculina', 'futbol'),
	('1729229980977', '1729228278025', 'mixta', 'lanzamiento de javalina'),
	('1729229980978', '1729228278026', 'mixta', 'lanzamiento de bola'),
	('1729229980979', '1729228278027', 'masculina', 'atletismo'),
	('1729229980980', '1729228278028', 'masculina', 'nado 200m'),
	('1729229980981', '1729228278029', 'masculina', '100m planos'),
	('1729229980982', '1729228278030', 'femenil', '100m planos'),
	('1729229980983', '1729228278031', 'mixta', 'lanzamiento de bola'),
	('1729229980984', '1729228278032', 'mixta', '100m planos'),
	('1729229980985', '1729228278033', 'masculina', '100m planos'),
	('1729229980986', '1729228278034', 'mixta', 'surf'),
	('1729229980987', '1729228278035', 'mixta', '100m planos'),
	('1729229980988', '1729228278036', 'femenil', 'lanzamiento de javalina'),
	('1729229980989', '1729228278037', 'femenil', 'futbol'),
	('1729229980990', '1729228278038', 'femenil', 'atletismo'),
	('1729229980991', '1729228278039', 'femenil', '100m planos'),
	('1729229980992', '1729228278040', 'masculina', 'tiro deportivo'),
	('1729229980993', '1729228278041', 'mixta', 'lanzamiento de javalina'),
	('1729229980994', '1729228278042', 'masculina', 'surf'),
	('1729229980995', '1729228278043', 'mixta', 'tiro deportivo'),
	('1729229980996', '1729228278044', 'masculina', 'surf'),
	('1729229980997', '1729228278045', 'mixta', 'futbol'),
	('1729229980998', '1729228278046', 'masculina', 'surf'),
	('1729229980999', '1729228278047', 'femenil', 'tiro deportivo'),
	('1729229981000', '1729228278048', 'mixta', 'lanzamiento de bola'),
	('1729229981001', '1729228278049', 'femenil', '100m planos'),
	('1729229981002', '1729228278050', 'masculina', 'lanzamiento de javalina'),
	('1729229981003', '1729228278051', 'masculina', 'nado 200m'),
	('1729229981004', '1729228278052', 'mixta', '100m planos'),
	('1729229981005', '1729228278053', 'mixta', 'atletismo'),
	('1729229981006', '1729228278054', 'mixta', 'futbol'),
	('1729229981007', '1729228278055', 'mixta', 'lanzamiento de bola'),
	('1729229981008', '1729228278056', 'masculina', '100m planos'),
	('1729229981009', '1729228278057', 'masculina', 'nado 100m'),
	('1729229981010', '1729228278058', 'masculina', 'lanzamiento de javalina'),
	('1729229981011', '1729228278059', 'masculina', 'tiro deportivo'),
	('1729229981012', '1729228278060', 'femenil', 'tiro deportivo'),
	('1729229981013', '1729228278061', 'femenil', 'tiro con arco'),
	('1729229981014', '1729228278062', 'masculina', 'atletismo'),
	('1729229981015', '1729228278063', 'femenil', 'tiro deportivo'),
	('1729229981016', '1729228278064', 'femenil', 'atletismo'),
	('1729229981017', '1729228278065', 'femenil', 'nado 200m'),
	('1729229981018', '1729228278066', 'femenil', 'atletismo'),
	('1729229981019', '1729228278067', 'femenil', 'tiro deportivo'),
	('1729229981020', '1729228278068', 'femenil', 'tiro deportivo'),
	('1729229981021', '1729228278069', 'masculina', 'tiro deportivo'),
	('1729229981022', '1729228278070', 'femenil', 'atletismo'),
	('1729229981023', '1729228278071', 'mixta', 'tiro con arco'),
	('1729229981024', '1729228278072', 'masculina', 'lanzamiento de bola'),
	('1729229981025', '1729228278073', 'masculina', 'lanzamiento de bola'),
	('1729229981026', '1729228278074', 'masculina', 'tiro deportivo'),
	('1729229981027', '1729228278075', 'femenil', 'lanzamiento de bola'),
	('1729229981028', '1729228278076', 'femenil', 'lanzamiento de bola'),
	('1729229981029', '1729228278077', 'masculina', 'atletismo'),
	('1729229981030', '1729228278078', 'femenil', '100m planos'),
	('1729229981031', '1729228278079', 'mixta', 'lanzamiento de javalina'),
	('1729229981032', '1729228278080', 'masculina', 'nado 100m');
	
INSERT INTO evento (idevento, iddisciplina, fecha, precioinic, duracionmax, llaveeliminatoria) VALUES
	('1729232608306', '1729229980883', '4/16/2024', '$24.98', '12:40 PM', '18'),
	('1729232608307', '1729229980884', '3/10/2024', '$36.62', '11:39 PM', '6'),
	('1729232608308', '1729229980885', '5/9/2024', '$19.42', '6:23 PM', '20'),
	('1729232608309', '1729229980886', '2/11/2024', '$16.10', '12:48 AM', '17'),
	('1729232608310', '1729229980887', '11/16/2024', '$25.58', '9:19 AM', '20'),
	('1729232608311', '1729229980888', '12/6/2024', '$24.53', '5:46 AM', '10'),
	('1729232608312', '1729229980889', '4/20/2024', '$16.04', '5:00 AM', '17'),
	('1729232608313', '1729229980890', '9/4/2024', '$18.43', '3:57 AM', '10'),
	('1729232608314', '1729229980891', '3/31/2024', '$33.55', '4:49 AM', '1'),
	('1729232608315', '1729229980892', '9/24/2024', '$31.89', '5:51 AM', '11'),
	('1729232608316', '1729229980893', '7/13/2024', '$18.99', '5:47 AM', '8'),
	('1729232608317', '1729229980894', '9/15/2024', '$26.82', '2:00 PM', '2'),
	('1729232608318', '1729229980895', '2/16/2024', '$14.85', '4:25 AM', '18'),
	('1729232608319', '1729229980896', '11/9/2024', '$34.38', '9:55 AM', '1'),
	('1729232608320', '1729229980897', '3/11/2024', '$46.62', '12:05 PM', '13'),
	('1729232608321', '1729229980898', '4/9/2024', '$11.05', '9:06 AM', '4'),
	('1729232608322', '1729229980899', '2/12/2024', '$40.55', '6:50 AM', '4'),
	('1729232608323', '1729229980900', '6/5/2024', '$28.00', '11:11 PM', '9'),
	('1729232608324', '1729229980901', '3/16/2024', '$44.31', '2:29 AM', '8'),
	('1729232608325', '1729229980902', '3/17/2024', '$15.12', '3:45 PM', '12'),
	('1729232608326', '1729229980903', '1/19/2024', '$39.49', '4:15 AM', '18'),
	('1729232608327', '1729229980904', '10/29/2024', '$45.89', '4:49 PM', '17'),
	('1729232608328', '1729229980905', '9/2/2024', '$17.22', '10:49 PM', '10'),
	('1729232608329', '1729229980906', '4/13/2024', '$29.33', '7:12 PM', '1'),
	('1729232608330', '1729229980907', '7/30/2024', '$31.89', '6:46 PM', '19'),
	('1729232608331', '1729229980908', '3/6/2024', '$42.23', '4:49 AM', '16'),
	('1729232608332', '1729229980909', '4/20/2024', '$35.71', '1:29 AM', '5'),
	('1729232608333', '1729229980910', '3/28/2024', '$25.79', '2:39 PM', '9'),
	('1729232608334', '1729229980911', '5/6/2024', '$21.06', '1:30 PM', '16'),
	('1729232608335', '1729229980912', '11/24/2024', '$10.84', '1:34 PM', '4'),
	('1729232608336', '1729229980913', '6/10/2024', '$12.70', '7:01 AM', '11'),
	('1729232608337', '1729229980914', '2/27/2024', '$31.15', '1:33 AM', '15'),
	('1729232608338', '1729229980915', '3/28/2024', '$28.20', '9:41 PM', '15'),
	('1729232608339', '1729229980916', '12/23/2024', '$48.89', '11:24 PM', '19'),
	('1729232608340', '1729229980917', '7/3/2024', '$41.56', '11:04 AM', '5'),
	('1729232608341', '1729229980918', '8/28/2024', '$11.58', '9:47 AM', '1'),
	('1729232608342', '1729229980919', '1/10/2024', '$35.64', '5:37 AM', '9'),
	('1729232608343', '1729229980920', '11/10/2024', '$43.99', '5:12 AM', '5'),
	('1729232608344', '1729229980921', '8/6/2024', '$22.77', '11:11 AM', '12'),
	('1729232608345', '1729229980922', '5/27/2024', '$22.61', '2:57 PM', '4'),
	('1729232608346', '1729229980923', '3/14/2024', '$17.57', '6:24 AM', '20'),
	('1729232608347', '1729229980924', '6/17/2024', '$18.48', '2:47 AM', '17'),
	('1729232608348', '1729229980925', '7/31/2024', '$25.69', '4:20 AM', '10'),
	('1729232608349', '1729229980926', '11/29/2024', '$25.46', '3:38 PM', '19'),
	('1729232608350', '1729229980927', '9/26/2024', '$28.03', '3:32 AM', '5'),
	('1729232608351', '1729229980928', '6/7/2024', '$35.06', '5:20 AM', '10'),
	('1729232608352', '1729229980929', '2/12/2024', '$13.96', '6:02 PM', '16'),
	('1729232608353', '1729229980930', '10/24/2024', '$24.29', '1:34 PM', '5'),
	('1729232608354', '1729229980931', '7/27/2024', '$37.44', '9:01 PM', '16'),
	('1729232608355', '1729229980932', '7/13/2024', '$26.24', '6:00 PM', '20'),
	('1729232608356', '1729229980933', '11/18/2024', '$35.05', '8:04 PM', '3'),
	('1729232608357', '1729229980934', '4/21/2024', '$49.71', '7:59 PM', '3'),
	('1729232608358', '1729229980935', '8/20/2024', '$39.84', '11:36 PM', '3'),
	('1729232608359', '1729229980936', '8/24/2024', '$21.57', '12:47 AM', '13'),
	('1729232608360', '1729229980937', '11/18/2024', '$31.36', '2:24 AM', '15'),
	('1729232608361', '1729229980938', '2/23/2024', '$31.88', '10:34 PM', '14'),
	('1729232608362', '1729229980939', '5/19/2024', '$26.42', '6:09 PM', '7'),
	('1729232608363', '1729229980940', '5/16/2024', '$20.82', '1:59 AM', '14'),
	('1729232608364', '1729229980941', '9/13/2024', '$20.07', '9:30 PM', '5'),
	('1729232608365', '1729229980942', '9/8/2024', '$19.01', '10:04 PM', '1'),
	('1729232608366', '1729229980943', '10/8/2024', '$31.41', '4:41 PM', '5'),
	('1729232608367', '1729229980944', '9/28/2024', '$19.27', '10:08 AM', '7'),
	('1729232608368', '1729229980945', '3/18/2024', '$26.60', '4:25 PM', '1'),
	('1729232608369', '1729229980946', '6/26/2024', '$18.27', '2:33 PM', '1'),
	('1729232608370', '1729229980947', '4/16/2024', '$41.49', '5:08 AM', '15'),
	('1729232608371', '1729229980948', '2/26/2024', '$39.73', '9:29 AM', '16'),
	('1729232608372', '1729229980949', '7/13/2024', '$38.08', '4:28 PM', '18'),
	('1729232608373', '1729229980950', '5/6/2024', '$34.08', '3:22 PM', '2'),
	('1729232608374', '1729229980951', '9/6/2024', '$46.43', '7:01 PM', '20'),
	('1729232608375', '1729229980952', '9/8/2024', '$33.51', '9:19 AM', '19'),
	('1729232608376', '1729229980953', '2/23/2024', '$17.14', '5:42 PM', '18'),
	('1729232608377', '1729229980954', '5/29/2024', '$28.60', '5:21 PM', '2'),
	('1729232608378', '1729229980955', '9/5/2024', '$15.53', '4:07 PM', '5'),
	('1729232608379', '1729229980956', '6/23/2024', '$44.91', '12:37 PM', '20'),
	('1729232608380', '1729229980957', '6/11/2024', '$22.06', '12:24 PM', '7'),
	('1729232608381', '1729229980958', '2/12/2024', '$41.96', '7:29 PM', '11'),
	('1729232608382', '1729229980959', '1/20/2024', '$37.65', '11:57 PM', '15'),
	('1729232608383', '1729229980960', '8/24/2024', '$31.61', '10:06 AM', '18'),
	('1729232608384', '1729229980961', '6/19/2024', '$34.81', '12:54 AM', '5'),
	('1729232608385', '1729229980962', '6/30/2024', '$37.69', '6:58 PM', '11'),
	('1729232608386', '1729229980963', '4/3/2024', '$32.35', '9:20 AM', '2'),
	('1729232608387', '1729229980964', '12/3/2024', '$20.02', '10:43 AM', '11'),
	('1729232608388', '1729229980965', '9/27/2024', '$36.98', '12:26 AM', '7'),
	('1729232608389', '1729229980966', '7/10/2024', '$37.60', '7:15 PM', '17'),
	('1729232608390', '1729229980967', '7/15/2024', '$47.31', '2:14 AM', '10'),
	('1729232608391', '1729229980968', '2/22/2024', '$37.71', '4:01 AM', '4'),
	('1729232608392', '1729229980969', '11/24/2024', '$32.16', '3:57 AM', '14'),
	('1729232608393', '1729229980970', '10/6/2024', '$43.82', '8:32 AM', '14'),
	('1729232608394', '1729229980971', '7/25/2024', '$33.14', '7:16 PM', '17'),
	('1729232608395', '1729229980972', '1/19/2024', '$30.77', '10:10 PM', '13'),
	('1729232608396', '1729229980973', '1/20/2024', '$10.25', '1:23 PM', '7'),
	('1729232608397', '1729229980974', '5/13/2024', '$14.94', '4:13 PM', '1'),
	('1729232608398', '1729229980975', '11/3/2024', '$49.28', '10:06 AM', '7'),
	('1729232608399', '1729229980976', '6/9/2024', '$24.98', '8:38 AM', '14'),
	('1729232608400', '1729229980977', '9/29/2024', '$21.69', '12:46 AM', '4'),
	('1729232608401', '1729229980978', '4/15/2024', '$29.40', '3:02 AM', '3'),
	('1729232608402', '1729229980979', '1/8/2024', '$19.92', '5:05 PM', '18'),
	('1729232608403', '1729229980980', '7/31/2024', '$22.70', '3:50 PM', '16'),
	('1729232608404', '1729229980981', '2/9/2024', '$37.47', '11:43 PM', '20'),
	('1729232608405', '1729229980982', '7/6/2024', '$49.08', '11:19 PM', '17'),
	('1729232608406', '1729229980983', '4/13/2024', '$45.79', '4:57 PM', '18'),
	('1729232608407', '1729229980984', '10/20/2024', '$13.48', '10:10 AM', '20'),
	('1729232608408', '1729229980985', '10/5/2024', '$37.66', '1:22 AM', '11'),
	('1729232608409', '1729229980986', '12/9/2024', '$31.59', '6:10 PM', '8'),
	('1729232608410', '1729229980987', '11/30/2024', '$33.62', '10:20 PM', '13'),
	('1729232608411', '1729229980988', '9/10/2024', '$14.50', '2:44 PM', '5'),
	('1729232608412', '1729229980989', '10/7/2024', '$10.30', '1:10 PM', '9'),
	('1729232608413', '1729229980990', '3/17/2024', '$39.88', '10:54 PM', '13'),
	('1729232608414', '1729229980991', '4/26/2024', '$29.05', '3:20 PM', '10'),
	('1729232608415', '1729229980992', '10/22/2024', '$38.68', '10:26 PM', '15'),
	('1729232608416', '1729229980993', '5/7/2024', '$40.84', '6:36 AM', '15'),
	('1729232608417', '1729229980994', '11/5/2024', '$21.30', '12:12 AM', '18'),
	('1729232608418', '1729229980995', '10/20/2024', '$18.41', '9:32 PM', '5'),
	('1729232608419', '1729229980996', '2/6/2024', '$46.51', '2:00 AM', '7'),
	('1729232608420', '1729229980997', '7/27/2024', '$41.12', '7:31 PM', '7'),
	('1729232608421', '1729229980998', '9/15/2024', '$28.76', '12:56 PM', '11'),
	('1729232608422', '1729229980999', '9/20/2024', '$12.53', '9:42 AM', '9'),
	('1729232608423', '1729229981000', '6/9/2024', '$17.73', '10:10 PM', '17'),
	('1729232608424', '1729229981001', '6/24/2024', '$33.50', '1:14 AM', '18'),
	('1729232608425', '1729229981002', '9/16/2024', '$49.29', '12:48 AM', '3'),
	('1729232608426', '1729229981003', '9/12/2024', '$10.50', '1:48 AM', '13'),
	('1729232608427', '1729229981004', '4/20/2024', '$29.24', '5:23 AM', '9'),
	('1729232608428', '1729229981005', '3/5/2024', '$15.12', '2:15 AM', '2'),
	('1729232608429', '1729229981006', '6/8/2024', '$43.20', '6:50 PM', '6'),
	('1729232608430', '1729229981007', '8/16/2024', '$34.24', '1:03 PM', '13'),
	('1729232608431', '1729229981008', '11/27/2024', '$22.65', '5:46 AM', '15'),
	('1729232608432', '1729229981009', '12/27/2024', '$16.41', '3:44 AM', '9'),
	('1729232608433', '1729229981010', '1/24/2024', '$23.20', '5:52 PM', '10'),
	('1729232608434', '1729229981011', '12/14/2024', '$47.40', '10:30 PM', '12'),
	('1729232608435', '1729229981012', '10/27/2024', '$48.11', '10:53 PM', '17'),
	('1729232608436', '1729229981013', '9/15/2024', '$35.61', '9:11 AM', '7'),
	('1729232608437', '1729229981014', '9/6/2024', '$17.24', '5:12 PM', '17'),
	('1729232608438', '1729229981015', '1/18/2024', '$34.63', '8:48 AM', '20'),
	('1729232608439', '1729229981016', '11/13/2024', '$36.69', '1:59 PM', '7'),
	('1729232608440', '1729229981017', '4/1/2024', '$41.34', '12:30 PM', '1'),
	('1729232608441', '1729229981018', '5/30/2024', '$44.29', '12:26 PM', '9'),
	('1729232608442', '1729229981019', '10/9/2024', '$33.54', '9:34 AM', '14'),
	('1729232608443', '1729229981020', '1/28/2024', '$14.95', '1:31 PM', '1'),
	('1729232608444', '1729229981021', '7/18/2024', '$21.88', '5:16 PM', '18'),
	('1729232608445', '1729229981022', '7/27/2024', '$40.38', '9:54 AM', '13'),
	('1729232608446', '1729229981023', '5/2/2024', '$29.76', '3:42 PM', '18'),
	('1729232608447', '1729229981024', '7/13/2024', '$23.48', '10:16 AM', '11'),
	('1729232608448', '1729229981025', '10/16/2024', '$30.61', '7:33 PM', '18'),
	('1729232608449', '1729229981026', '9/7/2024', '$48.49', '11:17 AM', '5'),
	('1729232608450', '1729229981027', '1/10/2024', '$48.01', '1:34 AM', '8'),
	('1729232608451', '1729229981028', '8/23/2024', '$17.00', '9:32 PM', '1'),
	('1729232608452', '1729229981029', '8/21/2024', '$30.56', '8:32 PM', '3'),
	('1729232608453', '1729229981030', '10/3/2024', '$40.70', '7:59 PM', '20'),
	('1729232608454', '1729229981031', '5/17/2024', '$45.96', '12:41 AM', '7'),
	('1729232608455', '1729229981032', '9/5/2024', '$23.03', '3:06 PM', '17');

INSERT INTO patrocinador (iddisciplina, patrocinador) VALUES
	('1729229980883', 'Feedfire'),
	('1729229980884', 'Eidel'),
	('1729229980885', 'Skyble'),
	('1729229980886', 'Flipbug'),
	('1729229980887', 'Lazzy'),
	('1729229980888', 'Zoonder'),
	('1729229980889', 'InnoZ'),
	('1729229980890', 'Quinu'),
	('1729229980891', 'Skivee'),
	('1729229980892', 'Chatterbridge'),
	('1729229980893', 'Rhynyx'),
	('1729229980894', 'Kwilith'),
	('1729229980895', 'Lazzy'),
	('1729229980896', 'Youspan'),
	('1729229980897', 'Yata'),
	('1729229980898', 'Thoughtbeat'),
	('1729229980899', 'Innojam'),
	('1729229980900', 'Fivebridge'),
	('1729229980901', 'Mycat'),
	('1729229980902', 'Realfire'),
	('1729229980903', 'Dazzlesphere'),
	('1729229980904', 'Thoughtsphere'),
	('1729229980905', 'Izio'),
	('1729229980906', 'Wikizz'),
	('1729229980907', 'Realcube'),
	('1729229980908', 'Meembee'),
	('1729229980909', 'Youtags'),
	('1729229980910', 'Ooba'),
	('1729229980911', 'Dazzlesphere'),
	('1729229980912', 'Tagopia'),
	('1729229980913', 'Shufflester'),
	('1729229980914', 'Thoughtstorm'),
	('1729229980915', 'Dynabox'),
	('1729229980916', 'Flashspan'),
	('1729229980917', 'Thoughtbeat'),
	('1729229980918', 'Flashset'),
	('1729229980919', 'Pixope'),
	('1729229980920', 'Zooveo'),
	('1729229980921', 'Kazio'),
	('1729229980922', 'Meevee'),
	('1729229980923', 'Minyx'),
	('1729229980924', 'Dabfeed'),
	('1729229980925', 'Gigaclub'),
	('1729229980926', 'Photobean'),
	('1729229980927', 'Realfire'),
	('1729229980928', 'Kimia'),
	('1729229980929', 'Tagtune'),
	('1729229980930', 'Realcube'),
	('1729229980931', 'Gigashots'),
	('1729229980932', 'Babblestorm'),
	('1729229980933', 'Mybuzz'),
	('1729229980934', 'Brightdog'),
	('1729229980935', 'Photolist'),
	('1729229980936', 'Bubblemix'),
	('1729229980937', 'Layo'),
	('1729229980938', 'Feednation'),
	('1729229980939', 'Eire'),
	('1729229980940', 'Jatri'),
	('1729229980941', 'Gigashots'),
	('1729229980942', 'Yata'),
	('1729229980943', 'Gigabox'),
	('1729229980944', 'Gigabox'),
	('1729229980945', 'Flipbug'),
	('1729229980946', 'Mynte'),
	('1729229980947', 'Gabcube'),
	('1729229980948', 'Katz'),
	('1729229980949', 'Quatz'),
	('1729229980950', 'Realbridge'),
	('1729229980951', 'Tekfly'),
	('1729229980952', 'Brightbean'),
	('1729229980953', 'Reallinks'),
	('1729229980954', 'Rhynoodle'),
	('1729229980955', 'Jayo'),
	('1729229980956', 'Skinder'),
	('1729229980957', 'Realmix'),
	('1729229980958', 'Centizu'),
	('1729229980959', 'Skalith'),
	('1729229980960', 'Bluejam'),
	('1729229980961', 'Riffpedia'),
	('1729229980962', 'Zoozzy'),
	('1729229980963', 'Kimia'),
	('1729229980964', 'Livefish'),
	('1729229980965', 'Miboo'),
	('1729229980966', 'Twinder'),
	('1729229980967', 'Oozz'),
	('1729229980968', 'Dabvine'),
	('1729229980969', 'Mynte'),
	('1729229980970', 'Devpulse'),
	('1729229980971', 'Dynava'),
	('1729229980972', 'Dynazzy'),
	('1729229980973', 'Blogpad'),
	('1729229980974', 'Jamia'),
	('1729229980975', 'Browsetype'),
	('1729229980976', 'Latz'),
	('1729229980977', 'Fiveclub'),
	('1729229980978', 'Quimm'),
	('1729229980979', 'Twitterworks'),
	('1729229980980', 'Shufflebeat'),
	('1729229980981', 'Fivechat'),
	('1729229980982', 'Dablist'),
	('1729229980983', 'Blognation'),
	('1729229980984', 'Wikibox'),
	('1729229980985', 'Twinte'),
	('1729229980986', 'Lazz'),
	('1729229980987', 'Ntags'),
	('1729229980988', 'Meetz'),
	('1729229980989', 'Voonix'),
	('1729229980990', 'Gabtune'),
	('1729229980991', 'Yotz'),
	('1729229980992', 'Chatterbridge'),
	('1729229980993', 'Twitterwire'),
	('1729229980994', 'Devify'),
	('1729229980995', 'Dabjam'),
	('1729229980996', 'Fadeo'),
	('1729229980997', 'Kimia'),
	('1729229980998', 'Rhycero'),
	('1729229980999', 'Topdrive'),
	('1729229981000', 'Blogpad'),
	('1729229981001', 'Dabfeed'),
	('1729229981002', 'Innotype'),
	('1729229981003', 'Skyba'),
	('1729229981004', 'Jamia'),
	('1729229981005', 'Einti'),
	('1729229981006', 'Flipbug'),
	('1729229981007', 'Agivu'),
	('1729229981008', 'Oba'),
	('1729229981009', 'Youtags'),
	('1729229981010', 'Blognation'),
	('1729229981011', 'Voonder'),
	('1729229981012', 'Tagtune'),
	('1729229981013', 'Twitterbridge'),
	('1729229981014', 'Zooxo'),
	('1729229981015', 'Chatterpoint'),
	('1729229981016', 'Realpoint'),
	('1729229981017', 'Kamba'),
	('1729229981018', 'Eire'),
	('1729229981019', 'Einti'),
	('1729229981020', 'Realblab'),
	('1729229981021', 'Yombu'),
	('1729229981022', 'Tagtune'),
	('1729229981023', 'Fivespan'),
	('1729229981024', 'Ntags'),
	('1729229981025', 'Demimbu'),
	('1729229981026', 'Edgeblab'),
	('1729229981027', 'Twinder'),
	('1729229981028', 'Aivee'),
	('1729229981029', 'Skinix'),
	('1729229981030', 'Youspan'),
	('1729229981031', 'Skaboo'),
	('1729229981032', 'Skinte');
	
