INSERT INTO pais (nombre, triclave) VALUES
	('Afganistán', 'AFG'),
	('Albania', 'ALB'),
	('Alemania', 'DEU'),
	('Andorra', 'AND'),
	('Angola', 'AGO'),
	('Anguila', 'AIA'),
	('Antártida', 'ATA'),
	('Antigua y Barbuda', 'ATG'),
	('Arabia Saudita', 'SAU'),
	('Argelia', 'DZA'),
	('Argentina', 'ARG'),
	('Armenia', 'ARM'),
	('Aruba', 'ABW'),
	('Australia', 'AUS'),
	('Austria', 'AUT'),
	('Azerbaiyán', 'AZE'),
	('Bélgica', 'BEL'),
	('Bahamas', 'BHS'),
	('Bahrein', 'BHR'),
	('Bangladesh', 'BGD'),
	('Barbados', 'BRB'),
	('Belice', 'BLZ'),
	('Benín', 'BEN'),
	('Bhután', 'BTN'),
	('Bielorrusia', 'BLR'),
	('Birmania', 'MMR'),
	('Bolivia', 'BOL'),
	('Bosnia y Herzegovina', 'BIH'),
	('Botsuana', 'BWA'),
	('Brasil', 'BRA'),
	('Brunéi', 'BRN'),
	('Bulgaria', 'BGR'),
	('Burkina Faso', 'BFA'),
	('Burundi', 'BDI'),
	('Cabo Verde', 'CPV'),
	('Camboya', 'KHM'),
	('Camerún', 'CMR'),
	('Canadá', 'CAN'),
	('Chad', 'TCD'),
	('Chile', 'CHL'),
	('China', 'CHN'),
	('Chipre', 'CYP'),
	('Ciudad del Vaticano', 'VAT'),
	('Colombia', 'COL'),
	('Comoras', 'COM'),
	('República del Congo', 'COG'),
	('República Democrática del Congo', 'COD'),
	('Corea del Norte', 'PRK'),
	('Corea del Sur', 'KOR'),
	('Costa de Marfil', 'CIV'),
	('Costa Rica', 'CRI'),
	('Croacia', 'HRV'),
	('Cuba', 'CUB'),
	('Curazao', 'CWU'),
	('Dinamarca', 'DNK'),
	('Dominica', 'DMA'),
	('Ecuador', 'ECU'),
	('Egipto', 'EGY'),
	('El Salvador', 'SLV'),
	('Emiratos Árabes Unidos', 'ARE'),
	('Eritrea', 'ERI'),
	('Eslovaquia', 'SVK'),
	('Eslovenia', 'SVN'),
	('España', 'ESP'),
	('Estados Unidos de América', 'USA'),
	('Estonia', 'EST'),
	('Etiopía', 'ETH'),
	('Filipinas', 'PHL'),
	('Finlandia', 'FIN'),
	('Fiyi', 'FJI'),
	('Francia', 'FRA'),
	('Gabón', 'GAB'),
	('Gambia', 'GMB'),
	('Georgia', 'GEO'),
	('Ghana', 'GHA'),
	('Gibraltar', 'GIB'),
	('Granada', 'GRD'),
	('Grecia', 'GRC'),
	('Groenlandia', 'GRL'),
	('Guadalupe', 'GLP'),
	('Guam', 'GUM'),
	('Guatemala', 'GTM'),
	('Guayana Francesa', 'GUF'),
	('Guernsey', 'GGY'),
	('Guinea', 'GIN'),
	('Guinea Ecuatorial', 'GNQ'),
	('Guinea-Bissau', 'GNB'),
	('Guyana', 'GUY'),
	('Haití', 'HTI'),
	('Honduras', 'HND'),
	('Hong kong', 'HKG'),
	('Hungría', 'HUN'),
	('India', 'IND'),
	('Indonesia', 'IDN'),
	('Irán', 'IRN'),
	('Irak', 'IRQ'),
	('Irlanda', 'IRL'),
	('Isla Bouvet', 'BVT'),
	('Isla de Man', 'IMN'),
	('Isla de Navidad', 'CXR'),
	('Isla Norfolk', 'NFK'),
	('Islandia', 'ISL'),
	('Islas Bermudas', 'BMU'),
	('Islas Caimán', 'CYM'),
	('Islas Cocos (Keeling)', 'CCK'),
	('Islas Cook', 'COK'),
	('Islas de Åland', 'ALA'),
	('Islas Feroe', 'FRO'),
	('Islas Georgias del Sur y Sandwich del Sur', 'SGS'),
	('Islas Heard y McDonald', 'HMD'),
	('Islas Maldivas', 'MDV'),
	('Islas Malvinas', 'FLK'),
	('Islas Marianas del Norte', 'MNP'),
	('Islas Marshall', 'MHL'),
	('Islas Pitcairn', 'PCN'),
	('Islas Salomón', 'SLB'),
	('Islas Turcas y Caicos', 'TCA'),
	('Islas Ultramarinas Menores de Estados Unidos', 'UMI'),
	('Islas Vírgenes Británicas', 'VGB'),
	('Islas Vírgenes de los Estados Unidos', 'VIR'),
	('Israel', 'ISR'),
	('Italia', 'ITA'),
	('Jamaica', 'JAM'),
	('Japón', 'JPN'),
	('Jersey', 'JEY'),
	('Jordania', 'JOR'),
	('Kazajistán', 'KAZ'),
	('Kenia', 'KEN'),
	('Kirguistán', 'KGZ'),
	('Kiribati', 'KIR'),
	('Kuwait', 'KWT'),
	('Líbano', 'LBN'),
	('Laos', 'LAO'),
	('Lesoto', 'LSO'),
	('Letonia', 'LVA'),
	('Liberia', 'LBR'),
	('Libia', 'LBY'),
	('Liechtenstein', 'LIE'),
	('Lituania', 'LTU'),
	('Luxemburgo', 'LUX'),
	('México', 'MEX'),
	('Mónaco', 'MCO'),
	('Macao', 'MAC'),
	('Macedônia', 'MKD'),
	('Madagascar', 'MDG'),
	('Malasia', 'MYS'),
	('Malawi', 'MWI'),
	('Mali', 'MLI'),
	('Malta', 'MLT'),
	('Marruecos', 'MAR'),
	('Martinica', 'MTQ'),
	('Mauricio', 'MUS'),
	('Mauritania', 'MRT'),
	('Mayotte', 'MYT'),
	('Micronesia', 'FSM'),
	('Moldavia', 'MDA'),
	('Mongolia', 'MNG'),
	('Montenegro', 'MNE'),
	('Montserrat', 'MSR'),
	('Mozambique', 'MOZ'),
	('Namibia', 'NAM'),
	('Nauru', 'NRU'),
	('Nepal', 'NPL'),
	('Nicaragua', 'NIC'),
	('Niger', 'NER'),
	('Nigeria', 'NGA'),
	('Niue', 'NIU'),
	('Noruega', 'NOR'),
	('Nueva Caledonia', 'NCL'),
	('Nueva Zelanda', 'NZL'),
	('Omán', 'OMN'),
	('Países Bajos', 'NLD'),
	('Pakistán', 'PAK'),
	('Palau', 'PLW'),
	('Palestina', 'PSE'),
	('Panamá', 'PAN'),
	('Papúa Nueva Guinea', 'PNG'),
	('Paraguay', 'PRY'),
	('Perú', 'PER'),
	('Polinesia Francesa', 'PYF'),
	('Polonia', 'POL'),
	('Portugal', 'PRT'),
	('Puerto Rico', 'PRI'),
	('Qatar', 'QAT'),
	('Reino Unido', 'GBR'),
	('República Centroafricana', 'CAF'),
	('República Checa', 'CZE'),
	('República Dominicana', 'DOM'),
	('República de Sudán del Sur', 'SSD'),
	('Reunión', 'REU'),
	('Ruanda', 'RWA'),
	('Rumanía', 'ROU'),
	('Rusia', 'RUS'),
	('Sahara Occidental', 'ESH'),
	('Samoa', 'WSM'),
	('Samoa Americana', 'ASM'),
	('San Bartolomé', 'BLM'),
	('San Cristóbal y Nieves', 'KNA'),
	('San Marino', 'SMR'),
	('San Martín (Francia)', 'MAF'),
	('San Pedro y Miquelón', 'SPM'),
	('San Vicente y las Granadinas', 'VCT'),
	('Santa Elena', 'SHN'),
	('Santa Lucía', 'LCA'),
	('Santo Tomé y Príncipe', 'STP'),
	('Senegal', 'SEN'),
	('Serbia', 'SRB'),
	('Seychelles', 'SYC'),
	('Sierra Leona', 'SLE'),
	('Singapur', 'SGP'),
	('Sint Maarten', 'SMX'),
	('Siria', 'SYR'),
	('Somalia', 'SOM'),
	('Sri lanka', 'LKA'),
	('Sudáfrica', 'ZAF'),
	('Sudán', 'SDN'),
	('Suecia', 'SWE'),
	('Suiza', 'CHE'),
	('Surinám', 'SUR'),
	('Svalbard y Jan Mayen', 'SJM'),
	('Swazilandia', 'SWZ'),
	('Tayikistán', 'TJK'),
	('Tailandia', 'THA'),
	('Taiwán', 'TWN'),
	('Tanzania', 'TZA'),
	('Territorio Británico del Océano Índico', 'IOT'),
	('Territorios Australes y Antárticas Franceses', 'ATF'),
	('Timor Oriental', 'TLS'),
	('Togo', 'TGO'),
	('Tokelau', 'TKL'),
	('Tonga', 'TON'),
	('Trinidad y Tobago', 'TTO'),
	('Tunez', 'TUN'),
	('Turkmenistán', 'TKM'),
	('Turquía', 'TUR'),
	('Tuvalu', 'TUV'),
	('Ucrania', 'UKR'),
	('Uganda', 'UGA'),
	('Uruguay', 'URY'),
	('Uzbekistán', 'UZB'),
	('Vanuatu', 'VUT'),
	('Venezuela', 'VEN'),
	('Vietnam', 'VNM'),
	('Wallis y Futuna', 'WLF'),
	('Yemen', 'YEM'),
	('Yibuti', 'DJI'),
	('Zambia', 'ZMB'),
	('Zimbabue', 'ZWE');
	
INSERT INTO entrenador (idolimpicoe, nombre, apellidopaterno, apellidomaterno, fechanacimiento, genero, triclave) VALUES
	('1729222671772', 'Dillie', 'Fairclough', 'Skeffington', '7/26/1992', 'M', 'UMI'),
	('1729222671773', 'Emilie', 'Klamp', 'Bavin', '6/13/1992', 'F', 'MLT'),
	('1729222671774', 'Immanuel', 'Laker', 'Burnell', '1/8/2002', 'M', 'GUM'),
	('1729222671775', 'Tiffany', 'Ubanks', 'Kelinge', '7/5/1998', 'F', 'AND'),
	('1729222671776', 'Adelaida', 'Harrild', 'Soff', '1/7/1993', 'F', 'GUM'),
	('1729222671777', 'Calypso', 'Georgi', 'Corrigane', '3/6/1998', 'F', 'QAT'),
	('1729222671778', 'Egon', 'Janas', 'Brookz', '2/27/2002', 'M', 'PSE'),
	('1729222671779', 'Greta', 'Vivian', 'Benns', '10/14/2004', 'F', 'PYF'),
	('1729222671780', 'Aaren', 'Sharma', 'Ilyas', '8/7/2001', 'F', 'CWU'),
	('1729222671781', 'Darsie', 'Gynni', 'Ferenc', '11/8/2000', 'F', 'THA'),
	('1729222671782', 'Davidde', 'Yerrington', 'MacKomb', '7/15/2002', 'M', 'DZA'),
	('1729222671783', 'Avigdor', 'Sarjent', 'Huyhton', '1/8/2000', 'M', 'QAT'),
	('1729222671784', 'Dion', 'Vasyukhin', 'Pariso', '10/31/1990', 'M', 'IRL'),
	('1729222671785', 'Shea', 'Maes', 'Sirmon', '4/16/1995', 'F', 'IRL'),
	('1729222671786', 'Adria', 'Trowell', 'Piburn', '1/7/1997', 'F', 'AND'),
	('1729222671787', 'Benjie', 'Curnick', 'Poulglais', '12/16/2003', 'M', 'ASM'),
	('1729222671788', 'Hy', 'Sommerscales', 'Frandsen', '9/6/2003', 'M', 'SYR'),
	('1729222671789', 'Gena', 'Detoile', 'Gateshill', '9/6/2000', 'F', 'TKM'),
	('1729222671790', 'Spike', 'Seabon', 'Goodband', '4/29/2004', 'M', 'CYP'),
	('1729222671791', 'Karlis', 'Taberner', 'Court', '4/24/1994', 'M', 'ROU'),
	('1729222671792', 'Avram', 'Coulling', 'Burnie', '12/27/1996', 'M', 'PER'),
	('1729222671793', 'Cesare', 'McGrill', 'Brake', '5/23/2002', 'M', 'NAM'),
	('1729222671794', 'Raquel', 'Baylis', 'Imlacke', '10/5/2001', 'F', 'TZA'),
	('1729222671795', 'Clair', 'Compson', 'Christian', '6/9/1990', 'F', 'BRA'),
	('1729222671796', 'Carmela', 'Avrashin', 'Baglow', '12/30/2000', 'F', 'BRA'),
	('1729222671797', 'Emalia', 'Polamontayne', 'Swalough', '7/9/1995', 'F', 'LKA'),
	('1729222671798', 'Liza', 'Cheek', 'Kearey', '11/29/2002', 'F', 'FRO'),
	('1729222671799', 'Ruthanne', 'Jollye', 'Birnie', '9/15/1993', 'F', 'BWA'),
	('1729222671800', 'Gertruda', 'Pettyfar', 'Keers', '7/20/2002', 'F', 'SPM'),
	('1729222671801', 'Nathanil', 'Balfour', 'Grafom', '2/16/1991', 'M', 'LIE'),
	('1729222671802', 'Candie', 'Dee', 'Mumford', '12/28/1999', 'F', 'ARG'),
	('1729222671803', 'Alina', 'Pedden', 'Buffin', '10/30/2004', 'F', 'ISL'),
	('1729222671804', 'Edy', 'Eate', 'Stave', '7/25/2002', 'F', 'PLW'),
	('1729222671805', 'Juli', 'Devigne', 'Hynes', '9/29/1990', 'F', 'NAM'),
	('1729222671806', 'Min', 'Wollard', 'Bruford', '12/23/1990', 'F', 'LUX'),
	('1729222671807', 'Dietrich', 'Moakson', 'Delgardo', '1/11/1990', 'M', 'ATA'),
	('1729222671808', 'Ernestine', 'Burchard', 'Arthur', '1/18/1990', 'F', 'PER'),
	('1729222671809', 'Aurea', 'Tortis', 'Cordier', '12/18/1995', 'F', 'TLS'),
	('1729222671810', 'Emile', 'Cowin', 'Becarra', '8/19/2001', 'M', 'SRB'),
	('1729222671811', 'Griffie', 'Akerman', 'Pardi', '10/5/1990', 'M', 'AGO'),
	('1729222671812', 'Camella', 'Riby', 'Dumke', '6/7/1996', 'F', 'NER'),
	('1729222671813', 'Garvin', 'Gowlett', 'Stother', '4/15/1992', 'M', 'GNQ'),
	('1729222671814', 'Alvie', 'Cuncarr', 'Climar', '3/18/1992', 'M', 'KNA'),
	('1729222671815', 'Sherman', 'Blenkhorn', 'Shooter', '3/15/1998', 'M', 'BLM'),
	('1729222671816', 'Skipper', 'Blumfield', 'Lightewood', '6/16/1998', 'M', 'DZA'),
	('1729222671817', 'Shara', 'Edgeley', 'Casacchia', '6/28/2001', 'F', 'AGO'),
	('1729222671818', 'Graehme', 'Fritche', 'Shaul', '5/26/2002', 'M', 'AZE'),
	('1729222671819', 'Raynell', 'Warriner', 'Catmull', '5/5/1994', 'F', 'VCT'),
	('1729222671820', 'Lory', 'Salazar', 'Hrishanok', '12/30/2000', 'F', 'DNK'),
	('1729222671821', 'Leland', 'Mosten', 'Tanby', '7/30/1994', 'M', 'COG'),
	('1729222671822', 'Leigha', 'McAster', 'Slyne', '10/8/1990', 'F', 'OMN'),
	('1729222671823', 'Del', 'Bartlet', 'Gibbie', '6/11/1991', 'M', 'MYT'),
	('1729222671824', 'Augustus', 'Casham', 'Pine', '12/31/1998', 'M', 'MYT'),
	('1729222671825', 'Noellyn', 'Traice', 'Lemme', '5/12/2004', 'F', 'DZA'),
	('1729222671826', 'Obadiah', 'Martt', 'Acton', '12/19/2003', 'M', 'BGR'),
	('1729222671827', 'Devlin', 'Gwilt', 'Yarnold', '3/12/1995', 'M', 'NRU'),
	('1729222671828', 'Carine', 'Livoir', 'Spratling', '8/25/1994', 'F', 'VUT'),
	('1729222671829', 'Kenton', 'Trump', 'Barkly', '4/30/2004', 'M', 'REU'),
	('1729222671830', 'Aloise', 'Treasaden', 'Burrage', '8/14/1998', 'F', 'UKR'),
	('1729222671831', 'Algernon', 'McCorkell', 'Conor', '2/13/1998', 'M', 'LIE'),
	('1729222671832', 'Gordon', 'Juliff', 'Andric', '1/2/2004', 'M', 'AGO'),
	('1729222671833', 'Maureen', 'Lowcock', 'Scarsbrook', '5/3/1995', 'F', 'HTI'),
	('1729222671834', 'Tamma', 'Arnull', 'Colrein', '10/3/1994', 'F', 'GMB'),
	('1729222671835', 'Eliot', 'Badrick', 'Coughlin', '5/2/1996', 'M', 'SSD'),
	('1729222671836', 'Vergil', 'Edlestone', 'Fairham', '12/7/1996', 'M', 'LCA'),
	('1729222671837', 'Brandon', 'Pudge', 'Carolan', '3/1/1995', 'M', 'SPM'),
	('1729222671838', 'Torrence', 'Hern', 'Zamorano', '10/19/2001', 'M', 'VAT'),
	('1729222671839', 'Marjory', 'Maloney', 'Christophers', '5/1/1991', 'F', 'TCD'),
	('1729222671840', 'Sydney', 'Hinz', 'Boot', '11/25/1997', 'M', 'PYF'),
	('1729222671841', 'Gabriel', 'Flindall', 'Kembery', '7/17/1990', 'M', 'NPL'),
	('1729222671842', 'Cordie', 'Baggaley', 'Dyter', '12/11/2004', 'F', 'TGO'),
	('1729222671843', 'Katha', 'Castelyn', 'Avard', '11/29/1999', 'F', 'LBN'),
	('1729222671844', 'Harrie', 'Flatman', 'Speed', '12/21/2003', 'F', 'SWE'),
	('1729222671845', 'Jandy', 'Strippling', 'Cumberledge', '10/14/1999', 'F', 'SUR'),
	('1729222671846', 'Nadya', 'Fossick', 'Hempel', '12/6/2001', 'F', 'PYF'),
	('1729222671847', 'Pansie', 'Clethro', 'Liquorish', '3/20/2000', 'F', 'BRA'),
	('1729222671848', 'Carma', 'Hobble', 'Georgievski', '12/8/1992', 'F', 'LBY'),
	('1729222671849', 'Morlee', 'De la Harpe', 'Colley', '2/28/2004', 'M', 'LTU'),
	('1729222671850', 'Natale', 'Sarson', 'Clarage', '10/15/2000', 'M', 'BEN'),
	('1729222671851', 'Kerwin', 'Loder', 'McMoyer', '1/8/1995', 'M', 'CXR'),
	('1729222671852', 'Shirlene', 'Josofovitz', 'Toole', '12/22/1995', 'F', 'UKR'),
	('1729222671853', 'Elias', 'Scipsey', 'Bambrick', '8/7/2003', 'M', 'WSM'),
	('1729222671854', 'Marni', 'Larner', 'Regan', '3/17/2000', 'F', 'FRA'),
	('1729222671855', 'Penelopa', 'Conrad', 'Dabels', '12/25/2001', 'F', 'SAU'),
	('1729222671856', 'Kenna', 'Bortoli', 'Pidwell', '12/2/2003', 'F', 'BLM'),
	('1729222671857', 'Wildon', 'Botha', 'Fouracres', '1/10/2001', 'M', 'PCN'),
	('1729222671858', 'Rosy', 'Richardson', 'Santiago', '10/29/1990', 'F', 'SDN'),
	('1729222671859', 'Agnese', 'Beynon', 'Gilliatt', '3/8/1997', 'F', 'MDA'),
	('1729222671860', 'Skipton', 'Bourthouloume', 'Spalding', '4/1/2004', 'M', 'GBR'),
	('1729222671861', 'Christen', 'Dutnell', 'Compford', '8/27/2004', 'F', 'TCD'),
	('1729222671862', 'Nerty', 'Shapera', 'Milier', '11/7/2001', 'F', 'BEN'),
	('1729222671863', 'Nikaniki', 'Merriton', 'Biddleston', '9/10/1998', 'F', 'LBN'),
	('1729222671864', 'Terry', 'McGill', 'Hoyes', '10/30/2001', 'F', 'AND'),
	('1729222671865', 'Waverly', 'Berryman', 'Beden', '6/20/1992', 'M', 'HND'),
	('1729222671866', 'Wes', 'Looks', 'Willetts', '12/26/2001', 'M', 'COK'),
	('1729222671867', 'Blake', 'Inston', 'Oaten', '8/29/2003', 'M', 'IRN'),
	('1729222671868', 'Cheslie', 'Birkinshaw', 'Bagshawe', '7/13/2003', 'F', 'FLK'),
	('1729222671869', 'Arch', 'Genike', 'Tremmil', '10/17/2000', 'M', 'MDV'),
	('1729222671870', 'Raleigh', 'Nuzzetti', 'Acuna', '2/18/1995', 'M', 'EST'),
	('1729222671871', 'Zitella', 'Grunder', 'Rubinov', '9/5/2004', 'F', 'BRN'),
	('1729222671872', 'Noemi', 'Gravatt', 'Matzkaitis', '12/9/1991', 'F', 'RUS'),
	('1729222671873', 'Hastie', 'Greschik', 'MacRinn', '7/16/1994', 'M', 'VUT'),
	('1729222671874', 'Calhoun', 'Kennard', 'Rudkin', '3/5/1993', 'M', 'CHL'),
	('1729222671875', 'Welsh', 'Edgcombe', 'Pickthorn', '3/14/1991', 'M', 'GBR'),
	('1729222671876', 'Irina', 'Tigwell', 'Dole', '9/10/1995', 'F', 'SWZ'),
	('1729222671877', 'Randolph', 'Emmatt', 'Pipe', '9/7/1994', 'M', 'ISR'),
	('1729222671878', 'Denys', 'Claisse', 'Pilsbury', '10/9/1999', 'M', 'LAO'),
	('1729222671879', 'Aimee', 'Karle', 'Donnersberg', '5/20/2001', 'F', 'ARM'),
	('1729222671880', 'Lawton', 'Robertsson', 'Riccioppo', '10/28/1995', 'M', 'MSR'),
	('1729222671881', 'Delia', 'Iorizzi', 'Fraschini', '12/31/1993', 'F', 'AIA'),
	('1729222671882', 'Audrye', 'McRinn', 'Danks', '10/21/2004', 'F', 'VEN'),
	('1729222671883', 'Fania', 'Haddock', 'McBrearty', '8/26/2001', 'F', 'JOR'),
	('1729222671884', 'Ardella', 'Roof', 'Baume', '1/27/1995', 'F', 'MOZ'),
	('1729222671885', 'Chrissy', 'Scrowton', 'Souley', '3/13/2004', 'F', 'JAM'),
	('1729222671886', 'Garald', 'Peppin', 'Janata', '1/17/2004', 'M', 'ARE'),
	('1729222671887', 'Malissa', 'Pittford', 'Barroux', '1/23/1999', 'F', 'SLV'),
	('1729222671888', 'Drona', 'Haruard', 'Rivard', '10/27/1997', 'F', 'GUY'),
	('1729222671889', 'Base', 'Cuerdall', 'Oxbrow', '11/16/1991', 'M', 'MRT'),
	('1729222671890', 'Sascha', 'Springtorpe', 'Jerschke', '6/2/1992', 'F', 'SOM'),
	('1729222671891', 'Warde', 'Ranby', 'Pouton', '4/29/1993', 'M', 'SMX'),
	('1729222671892', 'Daryl', 'Fairlie', 'Tuiller', '11/2/1993', 'F', 'GIN'),
	('1729222671893', 'Marlon', 'Marginson', 'Caukill', '3/31/1999', 'M', 'ATA'),
	('1729222671894', 'Aindrea', 'Vink', 'Mertel', '8/11/1991', 'F', 'SRB'),
	('1729222671895', 'Cherry', 'Boscher', 'Escott', '11/2/1992', 'F', 'ZWE'),
	('1729222671896', 'Cassondra', 'Cliburn', 'Brankley', '8/8/1997', 'F', 'SMX'),
	('1729222671897', 'Belia', 'Andrioletti', 'Guidetti', '4/12/1996', 'F', 'BWA'),
	('1729222671898', 'Linea', 'Elks', 'Verbruggen', '6/7/1992', 'F', 'STP'),
	('1729222671899', 'Angelique', 'Lathom', 'Hartus', '7/18/2004', 'F', 'BWA'),
	('1729222671900', 'Othella', 'Swinyard', 'Murra', '5/30/1991', 'F', 'SYR'),
	('1729222671901', 'Jard', 'Bowbrick', 'Colebrook', '9/1/1991', 'M', 'FLK'),
	('1729222671902', 'Nathanael', 'Thatcher', 'Bricket', '8/2/1990', 'M', 'JEY'),
	('1729222671903', 'Sullivan', 'Danihel', 'Tuffield', '1/4/1998', 'M', 'LTU'),
	('1729222671904', 'Jesselyn', 'Greenard', 'Rowlstone', '9/5/1995', 'F', 'COK'),
	('1729222671905', 'Paton', 'Bruggen', 'MacKaig', '6/29/2002', 'M', 'LBN'),
	('1729222671906', 'Clo', 'Muglestone', 'Suddaby', '9/3/2000', 'F', 'NLD'),
	('1729222671907', 'Richy', 'Jacqueme', 'Buzek', '7/4/2002', 'M', 'LVA'),
	('1729222671908', 'Laurence', 'Sawnwy', 'Owttrim', '7/15/1990', 'M', 'SLE'),
	('1729222671909', 'Minette', 'Capnor', 'Conyard', '12/17/1994', 'F', 'MEX'),
	('1729222671910', 'Gayelord', 'Pudan', 'Mahady', '9/12/1994', 'M', 'SLE'),
	('1729222671911', 'Kahaleel', 'Bretherton', 'Lott', '10/8/1999', 'M', 'PAK'),
	('1729222671912', 'Erin', 'Shea', 'Tarte', '3/16/1998', 'M', 'KIR'),
	('1729222671913', 'Marinna', 'Lawlance', 'Fayre', '11/29/1999', 'F', 'SLB'),
	('1729222671914', 'Jimmie', 'Cavanagh', 'Batter', '9/20/1997', 'M', 'ZAF'),
	('1729222671915', 'Bobbette', 'Priddle', 'Tather', '3/13/1992', 'F', 'LBY'),
	('1729222671916', 'Caron', 'Bakewell', 'Westhead', '9/24/1993', 'F', 'MMR'),
	('1729222671917', 'Dex', 'Kroin', 'Stroband', '6/10/2002', 'M', 'LAO'),
	('1729222671918', 'Pattie', 'Saltwell', 'Domeney', '3/8/2000', 'M', 'SGP'),
	('1729222671919', 'Terra', 'Richt', 'Jossel', '12/17/1998', 'F', 'SYC'),
	('1729222671920', 'Casandra', 'Siege', 'Flatt', '3/30/1998', 'F', 'BGD'),
	('1729222671921', 'Emelita', 'Krysiak', 'Flintoff', '8/6/1990', 'F', 'RUS');
	
INSERT INTO atleta (idolimpicoa, idolimpicoe, triclave, nombre, apellidopaterno, apellidomaterno, fechanacimiento, genero) VALUES
	('1729225212922', '1729222671772', 'CAN', 'Corinna', 'Link', 'Doughill', '4/22/1992', 'F'),
	('1729225212923', '1729222671773', 'TUV', 'Carney', 'Eggleton', 'Guitonneau', '9/3/1994', 'M'),
	('1729225212924', '1729222671774', 'MEX', 'Benedikt', 'Bianco', 'Mowling', '6/30/2000', 'M'),
	('1729225212925', '1729222671775', 'GMB', 'Julia', 'Praundlin', 'Eichmann', '10/31/1990', 'F'),
	('1729225212926', '1729222671776', 'LIE', 'Shir', 'Badger', 'Scopes', '1/22/1995', 'F'),
	('1729225212927', '1729222671777', 'LCA', 'Stinky', 'Sproul', 'Klais', '10/3/1993', 'M'),
	('1729225212928', '1729222671778', 'LSO', 'Flossie', 'Aslin', 'Tomczykiewicz', '6/27/1990', 'F'),
	('1729225212929', '1729222671779', 'GLP', 'Etty', 'Hunstone', 'Prout', '6/16/1992', 'F'),
	('1729225212930', '1729222671780', 'RUS', 'Valle', 'Petrello', 'Redding', '11/16/1990', 'M'),
	('1729225212931', '1729222671781', 'MDG', 'Leann', 'Algie', 'Pollack', '8/13/2001', 'F'),
	('1729225212932', '1729222671782', 'KIR', 'Godwin', 'Milkeham', 'Nutt', '3/4/2004', 'M'),
	('1729225212933', '1729222671783', 'STP', 'Calv', 'Shortan', 'Fabbro', '3/10/1992', 'M'),
	('1729225212934', '1729222671784', 'GAB', 'Melodie', 'Gowthrop', 'Aucoate', '1/11/1993', 'F'),
	('1729225212935', '1729222671785', 'UGA', 'Bobinette', 'Olenchenko', 'Blaney', '11/19/2004', 'F'),
	('1729225212936', '1729222671786', 'LVA', 'Micheil', 'Aicken', 'Canape', '4/26/1999', 'M'),
	('1729225212937', '1729222671787', 'MMR', 'Bil', 'Fries', 'Freyn', '4/25/1995', 'M'),
	('1729225212938', '1729222671788', 'PER', 'Thaddus', 'Cleyburn', 'Hender', '11/18/2002', 'M'),
	('1729225212939', '1729222671789', 'BRB', 'Ninon', 'Tabourier', 'Longmuir', '4/18/1990', 'F'),
	('1729225212940', '1729222671790', 'ISL', 'Minnaminnie', 'Kemble', 'Wimpress', '9/6/2003', 'F'),
	('1729225212941', '1729222671791', 'MWI', 'Kerry', 'Nicol', 'Wassell', '9/17/2002', 'F'),
	('1729225212942', '1729222671792', 'SOM', 'Sam', 'Wear', 'McDermid', '5/11/1999', 'M'),
	('1729225212943', '1729222671793', 'LUX', 'Judd', 'Bransom', 'Rope', '2/8/1995', 'M'),
	('1729225212944', '1729222671794', 'TUR', 'Franz', 'Linnett', 'Huffy', '11/6/1992', 'M'),
	('1729225212945', '1729222671795', 'MNG', 'Etty', 'Headington', 'Scrinage', '2/7/2001', 'F'),
	('1729225212946', '1729222671796', 'MNE', 'Constantin', 'Brise', 'Hexham', '3/28/2001', 'M'),
	('1729225212947', '1729222671797', 'MAC', 'Urbain', 'Whyatt', 'Hebditch', '6/14/1990', 'M'),
	('1729225212948', '1729222671798', 'CRI', 'Fairlie', 'MattiCCI', 'McKendry', '1/30/1996', 'M'),
	('1729225212949', '1729222671799', 'FIN', 'Denise', 'McDonogh', 'Jirick', '1/28/2004', 'F'),
	('1729225212950', '1729222671800', 'SDN', 'Jeralee', 'Bly', 'McQueen', '8/15/2001', 'F'),
	('1729225212951', '1729222671801', 'SDN', 'Lazar', 'Esel', 'Tomasello', '9/17/1993', 'M'),
	('1729225212952', '1729222671802', 'MEX', 'Christyna', 'Lauritzen', 'Sidney', '8/24/2000', 'F'),
	('1729225212953', '1729222671803', 'VEN', 'Nicoline', 'Sinclair', 'Edmenson', '9/23/1996', 'F'),
	('1729225212954', '1729222671804', 'ZWE', 'Penelope', 'Bourner', 'Poel', '9/16/1996', 'F'),
	('1729225212955', '1729222671805', 'THA', 'Jone', 'Pollicote', 'Biagioni', '5/4/1994', 'M'),
	('1729225212956', '1729222671806', 'IRL', 'Alard', 'Euesden', 'Portingale', '4/16/2000', 'M'),
	('1729225212957', '1729222671807', 'GNB', 'Martyn', 'Truscott', 'Faichney', '11/28/1993', 'M'),
	('1729225212958', '1729222671808', 'MCO', 'Phaidra', 'Pischof', 'Curds', '3/29/1995', 'F'),
	('1729225212959', '1729222671809', 'TKM', 'Tootsie', 'Dowty', 'Porson', '8/5/1997', 'F'),
	('1729225212960', '1729222671810', 'LIE', 'Grazia', 'Rothwell', 'Capaldi', '9/11/1992', 'F'),
	('1729225212961', '1729222671811', 'ATG', 'Holt', 'Rodger', 'Eagle', '1/29/1998', 'M'),
	('1729225212962', '1729222671812', 'ESP', 'Giovanni', 'Weeke', 'McCaghan', '9/20/1995', 'M'),
	('1729225212963', '1729222671813', 'SVK', 'Vladamir', 'Schwandermann', 'Rookes', '5/17/2000', 'M'),
	('1729225212964', '1729222671814', 'MEX', 'Tyson', 'Conley', 'Heustace', '10/22/1990', 'M'),
	('1729225212965', '1729222671815', 'EGY', 'Elonore', 'Fielding', 'Dobing', '6/25/1996', 'F'),
	('1729225212966', '1729222671816', 'ALB', 'Horst', 'Caldaro', 'Cranmor', '9/17/1996', 'M'),
	('1729225212967', '1729222671817', 'KGZ', 'Darnell', 'Dowe', 'Yuryaev', '2/9/2003', 'M'),
	('1729225212968', '1729222671818', 'ERI', 'Levi', 'Cleal', 'Fisbey', '5/6/1992', 'M'),
	('1729225212969', '1729222671819', 'SGP', 'Demetre', 'Deavin', 'McGrudder', '9/10/1993', 'M'),
	('1729225212970', '1729222671820', 'SAU', 'Robin', 'Feldmann', 'Brunotti', '11/15/1992', 'F'),
	('1729225212971', '1729222671821', 'SWE', 'Quint', 'Eckly', 'Brailey', '12/15/1991', 'M'),
	('1729225212972', '1729222671822', 'MCO', 'Shay', 'Matts', 'Blaza', '12/16/1996', 'M'),
	('1729225212973', '1729222671823', 'SLB', 'Esme', 'Scobbie', 'McRinn', '10/12/1995', 'F'),
	('1729225212974', '1729222671824', 'PAN', 'Bernetta', 'Bluett', 'Wetwood', '3/20/1991', 'F'),
	('1729225212975', '1729222671825', 'TUR', 'Winni', 'Celier', 'Melville', '6/1/1996', 'F'),
	('1729225212976', '1729222671826', 'ITA', 'Sargent', 'Hymers', 'Phillins', '12/29/1996', 'M'),
	('1729225212977', '1729222671827', 'SPM', 'Helaine', 'Arger', 'Cicullo', '10/23/1996', 'F'),
	('1729225212978', '1729222671828', 'BRN', 'Madison', 'Clemenza', 'Affleck', '7/19/1999', 'M'),
	('1729225212979', '1729222671829', 'GAB', 'Brody', 'Kervin', 'Painter', '2/4/2000', 'M'),
	('1729225212980', '1729222671830', 'LBN', 'Hazel', 'Dillingham', 'Konke', '7/16/1998', 'F'),
	('1729225212981', '1729222671831', 'SMR', 'Vivian', 'Kindon', 'Milley', '8/9/2002', 'F'),
	('1729225212982', '1729222671832', 'MAR', 'Elisabetta', 'Driffe', 'Keyson', '6/2/2000', 'F'),
	('1729225212983', '1729222671833', 'CIV', 'Abel', 'Sayes', 'Debold', '1/18/1999', 'M'),
	('1729225212984', '1729222671834', 'EGY', 'Myrtia', 'Battey', 'Ketton', '8/20/1990', 'F'),
	('1729225212985', '1729222671835', 'AND', 'Arney', 'MacMarcuis', 'Bownass', '1/8/1999', 'M'),
	('1729225212986', '1729222671836', 'BLM', 'Law', 'Wesgate', 'Worcester', '2/5/1993', 'M'),
	('1729225212987', '1729222671837', 'BLR', 'Alicia', 'Caisley', 'Arnely', '12/31/1998', 'F'),
	('1729225212988', '1729222671838', 'VEN', 'Raynell', 'Fendlen', 'Montes', '9/5/1990', 'F'),
	('1729225212989', '1729222671839', 'COL', 'Ross', 'Beddin', 'MacGhee', '8/28/2000', 'M'),
	('1729225212990', '1729222671840', 'GRD', 'Joscelin', 'Le Barre', 'Child', '6/10/1993', 'F'),
	('1729225212991', '1729222671841', 'BOL', 'Merilyn', 'Grushin', 'Thies', '12/26/1991', 'F'),
	('1729225212992', '1729222671842', 'CUB', 'Sayres', 'Ends', 'Hemmingway', '6/18/2004', 'M'),
	('1729225212993', '1729222671843', 'GUM', 'Cordy', 'Popplewell', 'Spracklin', '10/11/1995', 'M'),
	('1729225212994', '1729222671844', 'HMD', 'Eward', 'Hargerie', 'Maudlen', '8/13/2004', 'M'),
	('1729225212995', '1729222671845', 'SLB', 'Christel', 'Sparshott', 'Heinert', '9/8/1991', 'F'),
	('1729225212996', '1729222671846', 'CYP', 'Diarmid', 'Whitecross', 'Raistrick', '7/28/1993', 'M'),
	('1729225212997', '1729222671847', 'SMX', 'Emile', 'Blincow', 'Gianneschi', '9/28/2003', 'M'),
	('1729225212998', '1729222671848', 'AZE', 'Norton', 'Damp', 'Sweeney', '10/29/2002', 'M'),
	('1729225212999', '1729222671849', 'USA', 'Mollee', 'Gilhespy', 'Linne', '5/15/1996', 'F'),
	('1729225213000', '1729222671850', 'BLM', 'Richart', 'Flowith', 'Shirt', '2/19/2001', 'M'),
	('1729225213001', '1729222671851', 'MMR', 'Adolf', 'Eyam', 'Alexsandrev', '5/15/2002', 'M'),
	('1729225213002', '1729222671852', 'FLK', 'Marve', 'Risby', 'Insworth', '8/21/1991', 'M'),
	('1729225213003', '1729222671853', 'ATF', 'Mathias', 'Shank', 'Mosley', '5/21/2000', 'M'),
	('1729225213004', '1729222671854', 'SDN', 'Dolph', 'Gentery', 'Sunnucks', '1/16/2003', 'M'),
	('1729225213005', '1729222671855', 'LBR', 'Genia', 'Gashion', 'Newberry', '6/15/1996', 'F'),
	('1729225213006', '1729222671856', 'BOL', 'Stefano', 'Andrejs', 'Schollar', '6/23/2000', 'M'),
	('1729225213007', '1729222671857', 'MYT', 'Cathrin', 'Leadbitter', 'Narducci', '10/14/1990', 'F'),
	('1729225213008', '1729222671858', 'CCK', 'Neysa', 'Richardson', 'Hussel', '7/13/2000', 'F'),
	('1729225213009', '1729222671859', 'BEN', 'Erinn', 'Pridgeon', 'Carnson', '2/24/2001', 'F'),
	('1729225213010', '1729222671860', 'DZA', 'Corbin', 'Annesley', 'Stainfield', '12/26/1993', 'M'),
	('1729225213011', '1729222671861', 'ASM', 'Anson', 'Standbrooke', 'Abrahams', '1/17/1996', 'M'),
	('1729225213012', '1729222671862', 'TTO', 'Fred', 'Frame', 'Maytom', '1/30/1998', 'F'),
	('1729225213013', '1729222671863', 'KAZ', 'Fields', 'Zuanelli', 'Rowledge', '12/5/1998', 'M'),
	('1729225213014', '1729222671864', 'BTN', 'Austin', 'Haill', 'Papez', '6/30/1999', 'M'),
	('1729225213015', '1729222671865', 'JOR', 'Vance', 'Sherville', 'Nystrom', '10/15/1999', 'M'),
	('1729225213016', '1729222671866', 'NFK', 'Kassia', 'Guthrum', 'Blowers', '5/9/1991', 'F'),
	('1729225213017', '1729222671867', 'MDA', 'Mariejeanne', 'Inston', 'Sliney', '3/23/1998', 'F'),
	('1729225213018', '1729222671868', 'NGA', 'Alec', 'Stallan', 'Ganderton', '3/24/1997', 'M'),
	('1729225213019', '1729222671869', 'EGY', 'Bowie', 'Covet', 'Schowenburg', '8/22/2003', 'M'),
	('1729225213020', '1729222671870', 'GGY', 'Ivor', 'Selvey', 'Frain', '9/6/1996', 'M'),
	('1729225213021', '1729222671871', 'NIU', 'Penny', 'Canton', 'McPeake', '12/13/1994', 'M'),
	('1729225213022', '1729222671872', 'LBY', 'Nicholle', 'Jeyness', 'Slinger', '2/13/1993', 'F'),
	('1729225213023', '1729222671873', 'BFA', 'Franciska', 'Brunke', 'Bartusek', '10/9/2003', 'F'),
	('1729225213024', '1729222671874', 'NPL', 'Stavro', 'Yannoni', 'Hann', '1/10/1994', 'M'),
	('1729225213025', '1729222671875', 'ARG', 'Julian', 'Varker', 'Batts', '2/25/1994', 'M'),
	('1729225213026', '1729222671876', 'BTN', 'Loree', 'Baddoe', 'Lenchenko', '3/12/2000', 'F'),
	('1729225213027', '1729222671877', 'MKD', 'Gusta', 'Gumbley', 'Devenny', '8/3/2000', 'F'),
	('1729225213028', '1729222671878', 'UZB', 'Hermia', 'Shirtliff', 'Naptine', '7/3/1997', 'F'),
	('1729225213029', '1729222671879', 'GUY', 'Sigmund', 'Cahalan', 'Philippou', '1/15/1995', 'M'),
	('1729225213030', '1729222671880', 'MMR', 'Corey', 'Carmont', 'Blacktin', '2/13/1999', 'M'),
	('1729225213031', '1729222671881', 'MAF', 'Pat', 'Whiteman', 'Touson', '10/26/1992', 'F'),
	('1729225213032', '1729222671882', 'WLF', 'Emmanuel', 'Patchett', 'Cuberley', '1/30/1991', 'M'),
	('1729225213033', '1729222671883', 'IND', 'Juanita', 'Sinderson', 'Massingberd', '2/4/1995', 'F'),
	('1729225213034', '1729222671884', 'GHA', 'Edi', 'Hasker', 'Winnard', '2/1/2002', 'F'),
	('1729225213035', '1729222671885', 'RWA', 'Torr', 'Hyndman', 'Skipsea', '3/30/1997', 'M'),
	('1729225213036', '1729222671886', 'COD', 'Pete', 'Tupling', 'Dunlea', '1/15/1995', 'M'),
	('1729225213037', '1729222671887', 'NAM', 'Lynnette', 'Fidelli', 'Tomczykowski', '12/24/2001', 'F'),
	('1729225213038', '1729222671888', 'SWE', 'Edie', 'Boles', 'Brimble', '5/1/2000', 'F'),
	('1729225213039', '1729222671889', 'MUS', 'Halsy', 'Casin', 'Hukins', '8/26/1995', 'M'),
	('1729225213040', '1729222671890', 'QAT', 'Gasparo', 'Silman', 'Todaro', '1/8/1992', 'M'),
	('1729225213041', '1729222671891', 'EST', 'Phelia', 'Mounsey', 'Craft', '2/28/1996', 'F'),
	('1729225213042', '1729222671892', 'MHL', 'Rowan', 'Camilli', 'Tabard', '10/20/2003', 'M'),
	('1729225213043', '1729222671893', 'GRC', 'Cheryl', 'Stubbe', 'Blevin', '8/25/1994', 'F'),
	('1729225213044', '1729222671894', 'AND', 'Ewart', 'Measham', 'Oxe', '10/1/1995', 'M'),
	('1729225213045', '1729222671895', 'KGZ', 'Bron', 'Keble', 'Phelipeaux', '11/27/1992', 'M'),
	('1729225213046', '1729222671896', 'SEN', 'Burke', 'Thebe', 'Geach', '7/17/2002', 'M'),
	('1729225213047', '1729222671897', 'ATA', 'Forest', 'Andrioletti', 'Fever', '2/1/2002', 'M'),
	('1729225213048', '1729222671898', 'CUB', 'Guinevere', 'Godsal', 'Rickeard', '7/24/2002', 'F'),
	('1729225213049', '1729222671899', 'LKA', 'Nanette', 'Besse', 'Seaman', '6/7/1995', 'F'),
	('1729225213050', '1729222671900', 'SMR', 'Randee', 'Camidge', 'Hacaud', '3/25/1992', 'F'),
	('1729225213051', '1729222671901', 'DEU', 'Clementina', 'Robinson', 'Denson', '3/16/2003', 'F'),
	('1729225213052', '1729222671902', 'GRD', 'Yorgos', 'Ciccone', 'Eberdt', '2/12/1996', 'M'),
	('1729225213053', '1729222671903', 'SJM', 'Glendon', 'Makepeace', 'Cramphorn', '9/29/1995', 'M'),
	('1729225213054', '1729222671904', 'MAR', 'Ted', 'Blanking', 'Batho', '12/18/1999', 'M'),
	('1729225213055', '1729222671905', 'LCA', 'Skipper', 'Waddup', 'Shortcliffe', '2/17/1999', 'M'),
	('1729225213056', '1729222671906', 'ATG', 'Elora', 'Roma', 'Saffell', '8/17/1999', 'F'),
	('1729225213057', '1729222671907', 'GRC', 'Trixy', 'Swiffan', 'Christer', '10/8/1999', 'F'),
	('1729225213058', '1729222671908', 'SPM', 'Sancho', 'Christopherson', 'Yurkevich', '11/22/1999', 'M'),
	('1729225213059', '1729222671909', 'GIB', 'Iosep', 'Limeburn', 'Antonnikov', '1/29/1992', 'M'),
	('1729225213060', '1729222671910', 'GRD', 'Hercules', 'Perton', 'Barabich', '8/7/1996', 'M'),
	('1729225213061', '1729222671911', 'COL', 'Kimberli', 'Brosh', 'Lidgerton', '5/6/1990', 'F'),
	('1729225213062', '1729222671912', 'BRB', 'Shawnee', 'Varnals', 'Bottjer', '9/26/2004', 'F'),
	('1729225213063', '1729222671913', 'BRN', 'Orelee', 'Feldmesser', 'Lemm', '9/7/1999', 'F'),
	('1729225213064', '1729222671914', 'CMR', 'Velvet', 'Babst', 'MacCawley', '8/8/2002', 'F'),
	('1729225213065', '1729222671915', 'CYM', 'Luis', 'Kalker', 'Billiard', '7/6/1992', 'M'),
	('1729225213066', '1729222671916', 'ATG', 'Isa', 'Rodger', 'Gillbe', '7/22/2003', 'M'),
	('1729225213067', '1729222671917', 'COG', 'Klaus', 'Glenny', 'Reichert', '8/24/1997', 'M'),
	('1729225213068', '1729222671918', 'BLM', 'Beulah', 'Hakewell', 'Mowbray', '7/14/2002', 'F'),
	('1729225213069', '1729222671919', 'EGY', 'Hyman', 'Collis', 'Bouchard', '8/26/1995', 'M'),
	('1729225213070', '1729222671920', 'VUT', 'Piggy', 'Oury', 'Fratczak', '2/3/1991', 'M'),
	('1729225213071', '1729222671921', 'SMX', 'Arney', 'Ridout', 'Clancy', '3/6/2002', 'M');

INSERT INTO juez (idolimpicoj, nombre, apellidopaterno, apellidomaterno, fechanacimiento, genero, triclave) VALUES
	('1730596144768', 'Simmonds', 'Chrestien', 'Bour', '3/21/1976', 'M', 'MYS'),
	('1730596144769', 'Reamonn', 'Runnicles', 'Mariel', '5/11/1992', 'M', 'GUF'),
	('1730596144770', 'Ernaline', 'Falck', 'Eilhermann', '2/26/1969', 'F', 'BLZ'),
	('1730596144771', 'Myles', 'Cullen', 'Blaxton', '8/9/1970', 'M', 'BIH'),
	('1730596144772', 'Roger', 'Rooney', 'Bridell', '6/9/1984', 'M', 'SUR'),
	('1730596144773', 'Isis', 'Lomath', 'Cafe', '12/4/2000', 'F', 'MNE'),
	('1730596144774', 'Bertrand', 'Erlam', 'Antosik', '12/2/1967', 'M', 'KEN'),
	('1730596144775', 'Emera', 'Wozencroft', 'Rene', '10/28/1963', 'F', 'JAM'),
	('1730596144776', 'Sharlene', 'Zottoli', 'Hugues', '4/29/1988', 'F', 'ITA'),
	('1730596144777', 'Willis', 'Jarad', 'Gumme', '2/4/1991', 'M', 'PLW'),
	('1730596144778', 'Lindsy', 'Belderson', 'Stainburn', '7/14/2003', 'F', 'AFG'),
	('1730596144779', 'Judye', 'Carrett', 'Humphris', '4/27/1994', 'F', 'PYF'),
	('1730596144780', 'Dallis', 'Laborda', 'Bereford', '6/20/1986', 'M', 'UMI'),
	('1730596144781', 'Hart', 'Habishaw', 'Jiruch', '7/2/1971', 'M', 'MHL'),
	('1730596144782', 'Estele', 'Gamble', 'Meneghelli', '7/5/1965', 'F', 'HUN'),
	('1730596144783', 'Fredek', 'Bosson', 'Lettington', '8/29/1989', 'M', 'MYS'),
	('1730596144784', 'Rosella', 'Bake', 'Collison', '6/24/1996', 'F', 'TON'),
	('1730596144785', 'Amos', 'Mardlin', 'McDougal', '1/23/1980', 'M', 'ROU'),
	('1730596144786', 'Janeczka', 'Kenton', 'Gladdifh', '8/16/1971', 'F', 'WSM'),
	('1730596144787', 'Sibyl', 'Mulcahy', 'McAline', '10/29/1986', 'F', 'KGZ'),
	('1730596144788', 'Peterus', 'Slinn', 'Brayford', '9/23/1970', 'M', 'COL'),
	('1730596144789', 'Carlita', 'Barnsley', 'Pyecroft', '8/27/1967', 'F', 'UZB'),
	('1730596144790', 'Caria', 'Maryan', 'Fearne', '4/27/1984', 'F', 'LKA'),
	('1730596144791', 'Saudra', 'Greenwell', 'Guiden', '11/16/1984', 'F', 'ISL'),
	('1730596144792', 'Catha', 'Janecki', 'Spaight', '1/29/2001', 'F', 'OMN'),
	('1730596144793', 'Ernestus', 'Matheson', 'Pargeter', '2/12/1962', 'M', 'FSM'),
	('1730596144794', 'Berne', 'Philipsohn', 'Vernazza', '6/16/1998', 'M', 'PRK'),
	('1730596144795', 'Aylmer', 'Abercrombie', 'Pendock', '1/21/1972', 'M', 'ABW'),
	('1730596144796', 'Florinda', 'Kenninghan', 'Castleman', '9/17/1996', 'F', 'CXR'),
	('1730596144797', 'Dannel', 'Drage', 'Howkins', '3/5/1965', 'M', 'CZE'),
	('1730596144798', 'Ethelyn', 'Darville', 'Drejer', '11/7/1978', 'F', 'SVN'),
	('1730596144799', 'Knox', 'Melburg', 'Fortune', '4/4/1968', 'M', 'TCA'),
	('1730596144800', 'Ami', 'Moverley', 'Corriea', '12/17/1989', 'F', 'MUS'),
	('1730596144801', 'Dominic', 'Kelleher', 'Jewitt', '7/13/1990', 'M', 'MDG'),
	('1730596144802', 'Korney', 'Marshallsay', 'Strettle', '5/27/1976', 'F', 'SLB'),
	('1730596144803', 'Huey', 'Blackleech', 'Feldharker', '4/11/1978', 'M', 'PRI'),
	('1730596144804', 'Riordan', 'McGooch', 'Dunnion', '7/31/1977', 'M', 'LBR'),
	('1730596144805', 'Charo', 'Runnalls', 'Soles', '4/26/1991', 'F', 'IND'),
	('1730596144806', 'Andrus', 'Minihane', 'Purselowe', '8/21/1969', 'M', 'FIN'),
	('1730596144807', 'Trude', 'Chrisp', 'Haestier', '10/11/1987', 'F', 'BTN'),
	('1730596144808', 'Magdalene', 'Gossage', 'Nelthropp', '9/30/1996', 'F', 'PYF'),
	('1730596144809', 'Sheeree', 'Cavy', 'Cawker', '10/5/1963', 'F', 'MCO'),
	('1730596144810', 'Othilie', 'Sleicht', 'Atwater', '4/6/1986', 'F', 'USA'),
	('1730596144811', 'Leandra', 'Hullbrook', 'Courtman', '1/23/1996', 'F', 'LBN'),
	('1730596144812', 'Eustacia', 'Chable', 'Norley', '5/23/1960', 'F', 'NAM'),
	('1730596144813', 'Kitty', 'Bollins', 'Cummins', '6/19/1965', 'F', 'TON'),
	('1730596144814', 'Syd', 'Colt', 'Alleway', '6/10/1983', 'M', 'EST'),
	('1730596144815', 'Schuyler', 'Petasch', 'Yandell', '4/27/1983', 'M', 'JEY'),
	('1730596144816', 'Wes', 'de Quincey', 'Sawdon', '11/1/1990', 'M', 'BEL'),
	('1730596144817', 'Federico', 'Goodread', 'Roseblade', '5/17/1961', 'M', 'KIR'),
	('1730596144818', 'Laverna', 'Audley', 'Challicombe', '6/13/1974', 'F', 'ALA'),
	('1730596144819', 'Olympe', 'Hurdwell', 'Gwilt', '4/20/2003', 'F', 'IRN'),
	('1730596144820', 'Bancroft', 'Lermouth', 'Jelly', '4/28/1964', 'M', 'BGR'),
	('1730596144821', 'Aleen', 'Plaistowe', 'Theunissen', '8/6/1961', 'F', 'IRN'),
	('1730596144822', 'Ibrahim', 'Kimbly', 'Clist', '1/2/1964', 'M', 'CHE'),
	('1730596144823', 'Giffer', 'Gilman', 'Pirdue', '4/18/1978', 'M', 'EGY'),
	('1730596144824', 'Kit', 'Last', 'Thurlow', '2/6/1974', 'F', 'GGY'),
	('1730596144825', 'Vania', 'Harvison', 'Riccione', '4/26/1996', 'F', 'TTO'),
	('1730596144826', 'Wilmar', 'Brimming', 'Torry', '12/9/1961', 'M', 'TTO'),
	('1730596144827', 'Emmett', 'Monday', 'Llywarch', '5/18/1977', 'M', 'CRI'),
	('1730596144828', 'Leora', 'Antoni', 'Cordon', '1/8/1976', 'F', 'SAU'),
	('1730596144829', 'Pen', 'Robbel', 'Damiata', '4/11/1981', 'F', 'CYM'),
	('1730596144830', 'Stephana', 'Treacy', 'Spilsbury', '7/29/1971', 'F', 'SEN'),
	('1730596144831', 'Paton', 'Gisborne', 'Pedrazzi', '10/26/1998', 'M', 'SVK'),
	('1730596144832', 'Estelle', 'MacElharge', 'Bartosinski', '8/20/1977', 'F', 'BLR'),
	('1730596144833', 'Sanson', 'Kruger', 'Gatesman', '3/15/1964', 'M', 'MYT'),
	('1730596144834', 'Sosanna', 'Burkwood', 'Crossfeld', '8/2/1997', 'F', 'CPV'),
	('1730596144835', 'Aron', 'Todaro', 'Clawley', '1/8/1998', 'M', 'CAN'),
	('1730596144836', 'Grata', 'Eidelman', 'Wiltshaw', '7/8/1984', 'F', 'LBY'),
	('1730596144837', 'Viva', 'Stove', 'Payle', '6/18/1984', 'F', 'TCA'),
	('1730596144838', 'Tomi', 'Parriss', 'Sheryn', '4/27/1977', 'F', 'CIV'),
	('1730596144839', 'Stanly', 'Eliaz', 'Soreau', '2/5/1986', 'M', 'LBY'),
	('1730596144840', 'Turner', 'Tibb', 'Alfonso', '6/3/1984', 'M', 'POL'),
	('1730596144841', 'Meier', 'Rylands', 'Pidcock', '7/9/1984', 'M', 'KAZ'),
	('1730596144842', 'Lura', 'Riditch', 'Eymor', '6/16/1980', 'F', 'SRB'),
	('1730596144843', 'Julee', 'Foye', 'Timny', '7/24/1996', 'F', 'ECU'),
	('1730596144844', 'Jean', 'Pawelski', 'Behrend', '1/9/1992', 'F', 'PRY'),
	('1730596144845', 'Keriann', 'Braley', 'Backen', '7/18/2001', 'F', 'CYM'),
	('1730596144846', 'Bartlet', 'Lynd', 'Archdeckne', '12/11/1963', 'M', 'SVK'),
	('1730596144847', 'Geordie', 'Laurant', 'Parlett', '2/20/1974', 'M', 'CZE'),
	('1730596144848', 'Iolande', 'Bradlaugh', 'Gandar', '5/4/1992', 'F', 'ZMB'),
	('1730596144849', 'Gage', 'Kubera', 'Allott', '9/4/1975', 'M', 'COL'),
	('1730596144850', 'Ingemar', 'Covington', 'Baggally', '8/13/1991', 'M', 'KEN'),
	('1730596144851', 'Fayre', 'Couve', 'Cottill', '1/25/1966', 'F', 'SVK'),
	('1730596144852', 'Herb', 'Mulvey', 'Lindblad', '1/27/1981', 'M', 'BRA'),
	('1730596144853', 'Royall', 'Scollain', 'Windybank', '2/6/1970', 'M', 'DEU'),
	('1730596144854', 'Pavia', 'Hilhouse', 'Keveren', '4/21/1995', 'F', 'TKM'),
	('1730596144855', 'Amity', 'De Biasio', 'Baxendale', '9/10/1960', 'F', 'FRO'),
	('1730596144856', 'Lucian', 'Adelberg', 'Whitely', '11/27/1990', 'M', 'PRI'),
	('1730596144857', 'Rosamund', 'Baglow', 'Demogeot', '9/24/1969', 'F', 'BEL'),
	('1730596144858', 'Moll', 'Linham', 'Hamal', '1/2/1969', 'F', 'SRB'),
	('1730596144859', 'Benedetto', 'Bernaciak', 'Anderbrugge', '4/6/1976', 'M', 'TTO'),
	('1730596144860', 'Kerk', 'Jovicevic', 'Veryard', '11/21/2001', 'M', 'PAN'),
	('1730596144861', 'Abbye', 'Brookbank', 'Corrison', '5/14/1978', 'F', 'CHE'),
	('1730596144862', 'Faunie', 'Grannell', 'Gay', '6/2/1992', 'F', 'MDV'),
	('1730596144863', 'Darnell', 'Wedgwood', 'Lapley', '9/8/1981', 'M', 'JOR'),
	('1730596144864', 'Clarisse', 'Slayford', 'Bernuzzi', '2/25/1964', 'F', 'ASM'),
	('1730596144865', 'Wes', 'Pond', 'Grassin', '6/27/1974', 'M', 'STP'),
	('1730596144866', 'Berkley', 'Deeley', 'Cavill', '12/13/1972', 'M', 'JPN'),
	('1730596144867', 'Garrot', 'Colman', 'Clute', '9/12/1993', 'M', 'TKL'),
	('1730596144868', 'Filmore', 'covino', 'Elldred', '7/17/1971', 'M', 'GUM'),
	('1730596144869', 'Dorothea', 'Bess', 'Libbis', '9/19/1991', 'F', 'AFG'),
	('1730596144870', 'Clerc', 'Slyford', 'Beaman', '12/24/1993', 'M', 'SGS'),
	('1730596144871', 'Thorvald', 'Luckham', 'Jerrom', '8/9/1979', 'M', 'YEM'),
	('1730596144872', 'Ann', 'Claeskens', 'Buckhurst', '8/16/1983', 'F', 'LVA'),
	('1730596144873', 'Antone', 'Meadows', 'Branson', '11/26/1983', 'M', 'UMI'),
	('1730596144874', 'Ham', 'Wands', 'Vayne', '6/5/1968', 'M', 'ZAF'),
	('1730596144875', 'Constantin', 'Korb', 'Hustings', '10/30/1999', 'M', 'MTQ'),
	('1730596144876', 'Brina', 'Belward', 'Tinan', '5/23/1986', 'F', 'IRN'),
	('1730596144877', 'Carmelita', 'Whistlecraft', 'Lathwell', '12/18/1995', 'F', 'IOT'),
	('1730596144878', 'Parsifal', 'Besson', 'Wasbey', '11/18/1966', 'M', 'HRV'),
	('1730596144879', 'Dorthy', 'Natalie', 'Riquet', '11/4/1969', 'F', 'TKM'),
	('1730596144880', 'Agnola', 'Dallemore', 'Bettington', '12/21/1974', 'F', 'PYF'),
	('1730596144881', 'Georg', 'Scolding', 'MacKnocker', '2/15/1997', 'M', 'BGD'),
	('1730596144882', 'Frederich', 'Redmire', 'Woolf', '8/10/1994', 'M', 'ZMB'),
	('1730596144883', 'Leo', 'Merdew', 'Shewen', '4/10/1974', 'M', 'NAM'),
	('1730596144884', 'Uriah', 'Matushevich', 'Byer', '11/6/1997', 'M', 'JPN'),
	('1730596144885', 'Beau', 'Woodfin', 'Punter', '7/21/1992', 'M', 'ROU'),
	('1730596144886', 'Brooks', 'Ranscomb', 'Stollery', '3/19/1967', 'F', 'MDA'),
	('1730596144887', 'Annadiana', 'Wellard', 'Dodell', '2/20/1971', 'F', 'SVK'),
	('1730596144888', 'Andie', 'Blum', 'Brandino', '1/9/2000', 'M', 'REU'),
	('1730596144889', 'Randell', 'Rapinett', 'Buck', '1/11/1966', 'M', 'VCT'),
	('1730596144890', 'Theresina', 'Sowten', 'Jills', '1/3/1992', 'F', 'NFK'),
	('1730596144891', 'Alasteir', 'Armes', 'Orrin', '4/19/2003', 'M', 'NOR'),
	('1730596144892', 'Josephine', 'Kingett', 'Croall', '4/20/1983', 'F', 'NPL'),
	('1730596144893', 'Auroora', 'Gissing', 'Morch', '4/30/1981', 'F', 'EGY'),
	('1730596144894', 'Kendell', 'Neeves', 'Hallum', '10/1/1967', 'M', 'UGA'),
	('1730596144895', 'Stormy', 'Wooddisse', 'Vedyaev', '2/21/1964', 'F', 'CXR'),
	('1730596144896', 'Udale', 'Trowsdall', 'Stanfield', '4/14/1964', 'M', 'NRU'),
	('1730596144897', 'Dania', 'Deely', 'Skellorne', '1/20/1979', 'F', 'ARE'),
	('1730596144898', 'Sergei', 'Schmidt', 'Biggans', '3/23/1998', 'M', 'MAR'),
	('1730596144899', 'Luce', 'Sainter', 'Eicheler', '7/2/1964', 'M', 'LBY'),
	('1730596144900', 'Granthem', 'Bitchener', 'Bonnette', '12/8/1998', 'M', 'AZE'),
	('1730596144901', 'Hildagarde', 'Collimore', 'Geraldi', '1/20/1968', 'F', 'COG'),
	('1730596144902', 'My', 'Crollman', 'Entwisle', '4/12/1975', 'M', 'FLK'),
	('1730596144903', 'Viv', 'Grugerr', 'Cramb', '11/3/1975', 'F', 'SVK'),
	('1730596144904', 'Nye', 'Gabel', 'Joskovitch', '5/31/1997', 'M', 'MYT'),
	('1730596144905', 'Melva', 'Bolin', 'Ferrers', '2/1/1964', 'F', 'SDN'),
	('1730596144906', 'Lenora', 'Drinnan', 'Woodwing', '7/29/2003', 'F', 'BIH'),
	('1730596144907', 'Gregorius', 'McClifferty', 'Simes', '3/13/1970', 'M', 'FJI'),
	('1730596144908', 'Allyn', 'Danielsohn', 'Curtoys', '3/4/1961', 'F', 'TUV'),
	('1730596144909', 'Mauricio', 'Warland', 'Gatheridge', '5/8/1973', 'M', 'TON'),
	('1730596144910', 'Berne', 'Jovanovic', 'Falcus', '7/30/1993', 'M', 'CHN'),
	('1730596144911', 'Judith', 'Cliburn', 'Marchenko', '4/4/1996', 'F', 'FLK'),
	('1730596144912', 'Dale', 'Bonellie', 'Dewicke', '5/13/2003', 'M', 'COM'),
	('1730596144913', 'Cammie', 'Redley', 'Albury', '7/8/1986', 'F', 'JAM'),
	('1730596144914', 'Virgie', 'Mazonowicz', 'Leythley', '6/28/1998', 'F', 'SEN'),
	('1730596144915', 'Deedee', 'Hucks', 'Algie', '12/18/1986', 'F', 'PRT'),
	('1730596144916', 'Nancy', 'Seargeant', 'Powell', '7/17/1988', 'F', 'ARM'),
	('1730596144917', 'Evelyn', 'Esgate', 'Nelm', '3/15/1962', 'F', 'MNP'),
	('1730596144918', 'Raina', 'Reinger', 'Merigeau', '1/7/1968', 'F', 'MDV'),
	('1730596144919', 'Witty', 'Naish', 'Oakwood', '8/1/1998', 'M', 'MUS'),
	('1730596144920', 'Nye', 'Anton', 'Camplejohn', '9/18/2003', 'M', 'MNP'),
	('1730596144921', 'Jarrod', 'Gwilt', 'Grevatt', '3/21/1978', 'M', 'PAK'),
	('1730596144922', 'Osgood', 'Honacker', 'Clipston', '12/15/2001', 'M', 'GNQ'),
	('1730596144923', 'Johnath', 'Voas', 'Grinyakin', '1/19/1988', 'F', 'FRA'),
	('1730596144924', 'Jason', 'De Beauchemp', 'Berget', '1/30/1962', 'M', 'COD'),
	('1730596144925', 'Dee', 'McCombe', 'Bhatia', '8/3/2002', 'F', 'LKA'),
	('1730596144926', 'Vikky', 'Howse', 'Severs', '5/29/1990', 'F', 'BRB'),
	('1730596144927', 'Kimbra', 'Koppel', 'Abrahamson', '11/3/1965', 'F', 'DJI'),
	('1730596144928', 'Mariele', 'Germaine', 'Danilchik', '3/11/1975', 'F', 'IRQ'),
	('1730596144929', 'Dasi', 'Burdin', 'Kopf', '4/14/1987', 'F', 'IRN'),
	('1730596144930', 'Matthaeus', 'Kendred', 'Pisco', '9/24/2000', 'M', 'BTN'),
	('1730596144931', 'Eliza', 'Gery', 'Sinisbury', '3/6/1968', 'F', 'SEN'),
	('1730596144932', 'Hillary', 'Courtois', 'Lapwood', '4/3/1990', 'F', 'IMN'),
	('1730596144933', 'Demeter', 'Weber', 'Whitnell', '9/17/2001', 'F', 'UKR'),
	('1730596144934', 'Carrol', 'Muino', 'Cossam', '7/12/1997', 'M', 'BOL'),
	('1730596144935', 'Derril', 'Reddick', 'Dabling', '10/10/1970', 'M', 'MYT'),
	('1730596144936', 'Vina', 'Hazeley', 'Wingar', '7/17/1964', 'F', 'MDG'),
	('1730596144937', 'Melody', 'Dummett', 'Tytterton', '7/1/1996', 'F', 'COD'),
	('1730596144938', 'Temp', 'Shave', 'Fears', '10/19/1997', 'M', 'COG'),
	('1730596144939', 'Mabel', 'Westman', 'Keeley', '8/18/2001', 'F', 'AUS'),
	('1730596144940', 'Millisent', 'Zimek', 'Derwin', '11/1/1973', 'F', 'TTO'),
	('1730596144941', 'Yevette', 'Pughe', 'Twinborne', '9/29/1974', 'F', 'CMR'),
	('1730596144942', 'Bobinette', 'Halladey', 'Winson', '4/22/1995', 'F', 'SVN'),
	('1730596144943', 'Shep', 'Mamwell', 'Ruse', '3/5/1977', 'M', 'NPL'),
	('1730596144944', 'Robinetta', 'Baverstock', 'Driver', '1/20/1995', 'F', 'GRL'),
	('1730596144945', 'Giffard', 'Yepiskopov', 'Wilde', '7/7/1978', 'M', 'SGP'),
	('1730596144946', 'Verina', 'Engel', 'Weare', '6/10/1965', 'F', 'SPM'),
	('1730596144947', 'Gaylene', 'McClymond', 'Laffoley-Lane', '1/19/1960', 'F', 'GNQ'),
	('1730596144948', 'Karoly', 'Punchard', 'Tatham', '6/27/1967', 'M', 'BIH'),
	('1730596144949', 'Lonnie', 'MacNaughton', 'Zecchinelli', '10/21/1997', 'F', 'ERI'),
	('1730596144950', 'Viki', 'Rebichon', 'Kinton', '12/30/1965', 'F', 'ARG'),
	('1730596144951', 'Jodie', 'Sprake', 'Bloyes', '8/5/1988', 'F', 'GEO'),
	('1730596144952', 'Melina', 'Syme', 'Riden', '12/1/1965', 'F', 'IND'),
	('1730596144953', 'Terrel', 'Fierro', 'Hendonson', '3/19/1963', 'M', 'BEN'),
	('1730596144954', 'Odey', 'Miguel', 'Isgar', '4/30/2000', 'M', 'MLT'),
	('1730596144955', 'Olympie', 'Romeo', 'Hannaford', '9/9/1984', 'F', 'PRI'),
	('1730596144956', 'Cristal', 'Gowthorpe', 'Feilden', '11/10/1982', 'F', 'MDV'),
	('1730596144957', 'Min', 'Southey', 'Autrie', '6/21/1974', 'F', 'CMR'),
	('1730596144958', 'Dominique', 'Crush', 'Boughen', '5/3/1982', 'M', 'VEN'),
	('1730596144959', 'Tresa', 'Kettlestringe', 'Staite', '10/16/1972', 'F', 'JEY'),
	('1730596144960', 'Shelia', 'Berthelmot', 'Spadeck', '11/25/1964', 'F', 'RUS'),
	('1730596144961', 'Nick', 'MacKeig', 'Dunniom', '2/26/1992', 'M', 'GNB'),
	('1730596144962', 'Elsy', 'Foro', 'Clark', '2/15/1962', 'F', 'CHL'),
	('1730596144963', 'Shannon', 'Gergus', 'Kupisz', '5/4/1972', 'M', 'NCL'),
	('1730596144964', 'Clayborn', 'Rugg', 'Westoff', '6/29/1995', 'M', 'HRV'),
	('1730596144965', 'Waring', 'Schuelcke', 'Rubica', '2/6/1999', 'M', 'FRA'),
	('1730596144966', 'Lexi', 'Cribbins', 'Girauld', '2/24/1963', 'F', 'CHL'),
	('1730596144967', 'Morton', 'Bachanski', 'McCumskay', '7/10/1982', 'M', 'ARE'),
	('1730596144968', 'Mortone', 'Bachansk', 'McCums', '7/10/1983', 'M', 'BEN');
	
INSERT INTO localidad (idlocalidad, nombre, tipo, calle, numero, ciudad, pais, aforo) VALUES
	('1729228277931', 'Stracke, Brown and Padberg', 'abierto', 'Lakewood Gardens', '304', 'Cabriz', 'Portugal', '46'),
	('1729228277932', 'Runolfsdottir Group', 'sin techo', 'Fremont', '345', 'Xiangjia', 'China', '544'),
	('1729228277933', 'Hilll-Watsica', 'sin techo', 'Clyde Gallagher', '300', 'Supu', 'China', '654'),
	('1729228277934', 'Dibbert-Medhurst', 'sin techo', 'Clyde Gallagher', '92', 'Sumber', 'Indonesia', '405'),
	('1729228277935', 'Kuvalis-Heathcote', 'techado', 'Golf', '53', 'Kampungsusah', 'Indonesia', '325'),
	('1729228277936', 'Jast-Graham', 'local', 'Sugar', '27', 'Nakhon Nayok', 'Thailand', '96'),
	('1729228277937', 'Lindgren, Borer and Hermann', 'techado', 'Esker', '430', 'Luofang', 'China', '323'),
	('1729228277938', 'Schaden LLC', 'piscina', 'Iowa', '286', 'Tytuvėnėliai', 'Lithuania', '677'),
	('1729228277939', 'Weber, Gorczany and Keefe', 'techado', 'Gale', '482', 'Obonoma', 'Nigeria', '552'),
	('1729228277940', 'Daniel-Beahan', 'piscina', 'Norway Maple', '445', 'Los Fresnos', 'Mexico', '546'),
	('1729228277941', 'Goodwin and Sons', 'techado', 'Surrey', '347', 'Kuršėnai', 'Lithuania', '111'),
	('1729228277942', 'Spinka-Kemmer', 'techado', 'Lakeland', '433', 'Ar Rumaythah', 'Iraq', '598'),
	('1729228277943', 'Stracke, Labadie and Hodkiewicz', 'local', 'Ilene', '47', 'Ongjin', 'North Korea', '244'),
	('1729228277944', 'Mann Inc', 'local', 'Park Meadow', '301', 'Veselí nad Lužnicí', 'Czech Republic', '452'),
	('1729228277945', 'Volkman, Abbott and Schmidt', 'abierto', 'Helena', '332', 'Hoçisht', 'Albania', '470'),
	('1729228277946', 'Smitham, Rippin and Collier', 'techado', 'Mccormick', '473', 'Danxi', 'China', '366'),
	('1729228277947', 'Brakus, Barton and Hilll', 'sin techo', 'Delladonna', '219', 'Aheloy', 'Bulgaria', '424'),
	('1729228277948', 'Barrows, Wiegand and Beier', 'local', 'Twin Pines', '85', 'Oliveira', 'Brazil', '433'),
	('1729228277949', 'Schiller Group', 'sin techo', 'Maple Wood', '24', 'Zárkos', 'Greece', '220'),
	('1729228277950', 'Dibbert Group', 'local', 'Iowa', '370', 'Krajan Siki', 'Indonesia', '72'),
	('1729228277951', 'Heaney-Kutch', 'piscina', 'Melvin', '426', 'Barra Bonita', 'Brazil', '629'),
	('1729228277952', 'Kertzmann, Hand and Wuckert', 'abierto', 'Oxford', '479', 'Kubang', 'Indonesia', '692'),
	('1729228277953', 'Olson-Stiedemann', 'piscina', 'Quincy', '394', 'Kuroishi', 'Japan', '379'),
	('1729228277954', 'Boyer-Tromp', 'sin techo', 'Iowa', '137', 'Butare', 'Rwanda', '505'),
	('1729228277955', 'Blanda-Emard', 'techado', 'Doe Crossing', '89', 'Shurugwi', 'Zimbabwe', '567'),
	('1729228277956', 'Turcotte, Block and Windler', 'local', 'Surrey', '391', 'Imulolong', 'Indonesia', '413'),
	('1729228277957', 'MacGyver Inc', 'piscina', 'Manitowish', '464', 'Mayhan', 'Mongolia', '679'),
	('1729228277958', 'Conn and Sons', 'techado', 'Bowman', '384', 'Lamadelaine', 'Luxembourg', '517'),
	('1729228277959', 'Morissette LLC', 'techado', 'International', '222', 'Bayt Sāḩūr', 'Palestinian Territory', '536'),
	('1729228277960', 'Wyman-Kerluke', 'techado', 'Farwell', '88', 'Los Frentones', 'Argentina', '477'),
	('1729228277961', 'Zboncak, Quitzon and Heidenreich', 'abierto', 'Northport', '307', 'Ngaoundéré', 'Cameroon', '55'),
	('1729228277962', 'Crooks Inc', 'abierto', 'Miller', '478', 'Energeticheskiy', 'Kazakhstan', '118'),
	('1729228277963', 'Hauck-Blanda', 'abierto', 'Texas', '168', 'Ţahţā', 'Egypt', '76'),
	('1729228277964', 'Renner-Botsford', 'piscina', 'Clemons', '420', 'Glatik', 'Indonesia', '631'),
	('1729228277965', 'Haag, Shanahan and Blick', 'abierto', 'Blue Bill Park', '439', 'Toyonaka', 'Japan', '95'),
	('1729228277966', 'Brekke, Flatley and Schuster', 'sin techo', 'Porter', '106', 'Saint Louis', 'United States', '563'),
	('1729228277967', 'Boyle and Sons', 'sin techo', 'Weeping Birch', '246', 'Steinkjer', 'Norway', '341'),
	('1729228277968', 'Franecki-Koelpin', 'piscina', 'Clemons', '408', 'Tirlyanskiy', 'Russia', '556'),
	('1729228277969', 'Lindgren-Aufderhar', 'local', 'Schlimgen', '423', 'Dulangan', 'Philippines', '22'),
	('1729228277970', 'Koss, Wuckert and Rice', 'local', 'Holy Cross', '150', 'São Raimundo Nonato', 'Brazil', '402'),
	('1729228277971', 'Gusikowski and Sons', 'abierto', 'Messerschmidt', '350', 'Quimper', 'France', '246'),
	('1729228277972', 'Herzog, Harber and Bernhard', 'local', 'Lotheville', '244', 'Roma', 'Italy', '517'),
	('1729228277973', 'Kertzmann, Fisher and Heller', 'piscina', 'American', '16', 'Zaki Biam', 'Nigeria', '294'),
	('1729228277974', 'Ledner and Sons', 'abierto', 'Corscot', '446', 'Langxi', 'China', '440'),
	('1729228277975', 'Runte, Bradtke and DuBuque', 'piscina', 'Butterfield', '97', 'Karibib', 'Namibia', '257'),
	('1729228277976', 'Okuneva-Greenfelder', 'local', 'Vahlen', '181', 'Kitchener', 'Canada', '577'),
	('1729228277977', 'Feest, Connelly and Jones', 'sin techo', 'Blaine', '140', 'Pital', 'Costa Rica', '413'),
	('1729228277978', 'Jerde-Brown', 'piscina', 'Hoepker', '407', 'Bahe', 'China', '692'),
	('1729228277979', 'Kemmer, Spencer and Stanton', 'piscina', 'Larry', '189', 'Kurume', 'Japan', '496'),
	('1729228277980', 'Durgan-Jerde', 'piscina', 'Pankratz', '36', 'Sabana Iglesia', 'Dominican Republic', '146'),
	('1729228277981', 'Dach, Hamill and Reilly', 'techado', 'Anniversary', '404', 'Ferraz de Vasconcelos', 'Brazil', '278'),
	('1729228277982', 'Heidenreich-Greenholt', 'piscina', 'Dakota', '341', 'Zhongshangang', 'China', '599'),
	('1729228277983', 'Schulist, Stokes and Dooley', 'sin techo', 'Clemons', '347', 'Le Lamentin', 'Martinique', '383'),
	('1729228277984', 'Waelchi Group', 'piscina', 'Bowman', '207', 'Balsas', 'Brazil', '444'),
	('1729228277985', 'Bernhard Group', 'techado', 'Judy', '361', 'Al Maşlūb', 'Yemen', '549'),
	('1729228277986', 'Schumm LLC', 'techado', 'Fair Oaks', '159', 'Narowlya', 'Belarus', '618'),
	('1729228277987', 'Conner, Champlin and Cruickshank', 'sin techo', 'Merrick', '157', 'Portariá', 'Greece', '593'),
	('1729228277988', 'Armstrong, Sauer and Turcotte', 'sin techo', 'Starling', '158', 'Baoziba', 'China', '213'),
	('1729228277989', 'Gibson, Toy and Herman', 'techado', 'Pine View', '288', 'Rietavas', 'Lithuania', '504'),
	('1729228277990', 'Kuhlman-Schmeler', 'piscina', 'Clove', '327', 'Aldeia da Mata', 'Portugal', '335'),
	('1729228277991', 'Bartoletti-Homenick', 'local', 'Macpherson', '207', 'San Carlos', 'Peru', '684'),
	('1729228277992', 'Haley and Sons', 'piscina', 'Scott', '236', 'Karangsari', 'Indonesia', '226'),
	('1729228277993', 'Mitchell-Bartoletti', 'sin techo', 'Oak', '377', 'Trélissac', 'France', '284'),
	('1729228277994', 'Hayes-Cremin', 'piscina', 'Golf Course', '402', 'Sinubong', 'Philippines', '680'),
	('1729228277995', 'McDermott, Greenholt and Stoltenberg', 'abierto', 'Fair Oaks', '139', 'Lazaro Cardenas', 'Mexico', '169'),
	('1729228277996', 'Senger, Swift and Kovacek', 'sin techo', 'American Ash', '165', 'Bình Minh', 'Vietnam', '150'),
	('1729228277997', 'Champlin-Jerde', 'sin techo', 'Boyd', '56', 'Ninghai', 'China', '520'),
	('1729228277998', 'Turner-Lubowitz', 'local', 'Di Loreto', '457', 'Camaligan', 'Philippines', '643'),
	('1729228277999', 'Feil and Sons', 'piscina', 'Calypso', '276', 'Grigoropolisskaya', 'Russia', '540'),
	('1729228278000', 'Grady-Orn', 'local', 'Lotheville', '413', 'Kamyzyak', 'Russia', '635'),
	('1729228278001', 'Gutkowski LLC', 'piscina', 'Forster', '65', 'Erfangping', 'China', '474'),
	('1729228278002', 'Reilly-Cummings', 'sin techo', 'Anhalt', '133', 'Souziqiu', 'China', '142'),
	('1729228278003', 'Goyette, Wilderman and Will', 'techado', 'Longview', '322', 'Bluri', 'Indonesia', '260'),
	('1729228278004', 'Grimes-Treutel', 'abierto', 'International', '219', 'Bobojong', 'Indonesia', '161'),
	('1729228278005', 'Treutel, Wilkinson and Hermiston', 'sin techo', 'Surrey', '62', 'Lidun', 'China', '176'),
	('1729228278006', 'Frami and Sons', 'piscina', 'Anderson', '251', 'Baizhang', 'China', '412'),
	('1729228278007', 'Hane-Wehner', 'techado', 'Shelley', '399', 'Mülheim an der Ruhr', 'Germany', '325'),
	('1729228278008', 'Bruen-Weissnat', 'piscina', 'Redwing', '176', 'West End', 'United Kingdom', '307'),
	('1729228278009', 'Botsford, Barton and Amore', 'abierto', 'Dovetail', '328', 'Calinog', 'Philippines', '138'),
	('1729228278010', 'Grant LLC', 'sin techo', 'Nevada', '464', 'Sulkava', 'Finland', '67'),
	('1729228278011', 'Bruen-Considine', 'abierto', 'Corben', '493', 'Baozhu', 'China', '92'),
	('1729228278012', 'Harvey-Bode', 'techado', 'Lawn', '187', 'Changcun', 'China', '20'),
	('1729228278013', 'Boehm LLC', 'abierto', 'Goodland', '190', 'Kiangan', 'Philippines', '211'),
	('1729228278014', 'Balistreri-Morissette', 'techado', 'Novick', '145', 'Petrozavodsk', 'Russia', '249'),
	('1729228278015', 'Heidenreich, DuBuque and Hamill', 'piscina', 'Manley', '403', 'Su-ngai Kolok', 'Thailand', '107'),
	('1729228278016', 'Will-Koch', 'piscina', 'Spohn', '356', 'Marseille', 'France', '503'),
	('1729228278017', 'Skiles, Bruen and Lowe', 'piscina', 'Kipling', '37', 'James Craik', 'Argentina', '262'),
	('1729228278018', 'Collins-Smitham', 'piscina', 'Nobel', '10', 'Sumberdadi', 'Indonesia', '412'),
	('1729228278019', 'Keeling LLC', 'piscina', 'Del Sol', '143', 'Santo Estêvão', 'Brazil', '213'),
	('1729228278020', 'Rath-Stark', 'abierto', 'Talisman', '173', 'Kyzylorda', 'Kazakhstan', '529'),
	('1729228278021', 'Farrell Group', 'local', 'Esch', '318', 'Nuits-Saint-Georges', 'France', '290'),
	('1729228278022', 'Williamson Group', 'techado', 'Cascade', '286', 'Daxin', 'China', '443'),
	('1729228278023', 'Grimes LLC', 'sin techo', 'Brickson Park', '138', 'Caxito', 'Angola', '124'),
	('1729228278024', 'Bernier-Bednar', 'techado', 'Daystar', '104', 'Béziers', 'France', '592'),
	('1729228278025', 'Stehr Group', 'local', 'Scofield', '142', 'Tonghong', 'China', '583'),
	('1729228278026', 'Cummerata, Torp and Purdy', 'local', 'Dennis', '114', 'Feyẕābād', 'Iran', '345'),
	('1729228278027', 'Streich Inc', 'sin techo', 'Nobel', '74', 'Qozonketkan', 'Uzbekistan', '545'),
	('1729228278028', 'Von, Hammes and Leuschke', 'sin techo', 'High Crossing', '485', 'Cipancur', 'Indonesia', '59'),
	('1729228278029', 'Lindgren Inc', 'piscina', 'North', '89', 'Maluno Sur', 'Philippines', '529'),
	('1729228278030', 'Stark and Sons', 'sin techo', 'Blaine', '367', 'Odrinhas', 'Portugal', '47'),
	('1729228278031', 'Borer-Kon', 'sin techo', 'Aberg', '425', 'Salas', 'Peru', '166'),
	('1729228278032', 'Bauch-Brown', 'local', 'Larry', '113', 'Pescara', 'Italy', '225'),
	('1729228278033', 'Wilderman and Sons', 'abierto', 'Maywood', '375', 'Xiapu', 'China', '318'),
	('1729228278034', 'Prosacco LLC', 'techado', 'Mosinee', '59', 'Žďár nad Sázavou', 'Czech Republic', '177'),
	('1729228278035', 'Auer, Ebert and Stiedemann', 'abierto', 'Debs', '479', 'Sandefjord', 'Norway', '279'),
	('1729228278036', 'Leffler-Dach', 'sin techo', 'Hintze', '245', 'Armenia', 'Colombia', '427'),
	('1729228278037', 'Gerhold-Beer', 'local', 'Donald', '480', 'Ashbourne', 'Ireland', '125'),
	('1729228278038', 'Gutmann LLC', 'techado', 'Cambridge', '412', 'Morris', 'Canada', '128'),
	('1729228278039', 'Baumbach Group', 'local', 'Grayhawk', '111', 'Itapemirim', 'Brazil', '101'),
	('1729228278040', 'Kunde-Schuppe', 'piscina', 'Continental', '72', 'Oelaba', 'Indonesia', '317'),
	('1729228278041', 'Mayert, McClure and Jacobi', 'abierto', 'Waywood', '269', 'Panzhuang', 'China', '263'),
	('1729228278042', 'Block, Roberts and Dicki', 'sin techo', 'Helena', '17', 'Sidaurip', 'Indonesia', '283'),
	('1729228278043', 'Durgan, Bosco and Pfannerstill', 'sin techo', 'Welch', '140', 'Hanau', 'Germany', '504'),
	('1729228278044', 'Schultz LLC', 'piscina', 'Garrison', '15', 'Llama', 'Peru', '673'),
	('1729228278045', 'Weber, Reichert and Ankunding', 'local', 'Cottonwood', '297', 'San Antonio Oeste', 'Argentina', '576'),
	('1729228278046', 'Harvey, Upton and Pacocha', 'abierto', 'Monterey', '136', 'Bystryanka', 'Russia', '276'),
	('1729228278047', 'Little, Goodwin and Fay', 'sin techo', 'Rigney', '398', 'Wenxi', 'China', '101'),
	('1729228278048', 'Langworth, Bergstrom and Weissnat', 'abierto', 'Porter', '252', 'Longshan', 'China', '527'),
	('1729228278049', 'Hara Inc', 'piscina', 'Gale', '369', 'Sukadami', 'Indonesia', '267'),
	('1729228278050', 'Bergstrom, Turcotte and Bahringer', 'sin techo', 'Red Cloud', '248', 'Zagnitkiv', 'Ukraine', '126'),
	('1729228278051', 'Stroman Inc', 'local', 'Goodland', '19', 'Yangzhen', 'China', '214'),
	('1729228278052', 'Stamm and Sons', 'abierto', 'Katie', '323', 'Danzao', 'China', '487'),
	('1729228278053', 'Shields LLC', 'sin techo', 'Ilene', '167', 'Bungereng', 'Indonesia', '568'),
	('1729228278054', 'Kiehn, Murazik and Lind', 'techado', 'Ruskin', '377', 'Uluarang', 'Indonesia', '142'),
	('1729228278055', 'Larkin, Wuckert and Kohler', 'sin techo', 'Spohn', '82', 'Shang Boingor', 'China', '306'),
	('1729228278056', 'Prosacco-Gulgowski', 'local', 'Toban', '155', 'Galutu', 'China', '304'),
	('1729228278057', 'Schinner, Goyette and Towne', 'techado', 'Jackson', '452', 'Fuzhuang', 'China', '25'),
	('1729228278058', 'Hand, Quigley and Hagenes', 'sin techo', 'Homewood', '418', 'Nanmu', 'China', '542'),
	('1729228278059', 'Fahey and Sons', 'techado', 'Mifflin', '63', 'Cassanayan', 'Philippines', '209'),
	('1729228278060', 'Stokes, Collier and Stehr', 'sin techo', 'Lighthouse Bay', '105', 'Chigang', 'China', '197'),
	('1729228278061', 'Jerde and Sons', 'abierto', 'Dawn', '171', 'Ţammūn', 'Palestinian Territory', '621'),
	('1729228278062', 'Smitham, Wiegand and Kuhn', 'local', '4th', '32', 'Tilang', 'Indonesia', '671'),
	('1729228278063', 'Little-Wolff', 'piscina', 'Waxwing', '311', 'Khlong Luang', 'Thailand', '620'),
	('1729228278064', 'Predovic, Hoeger and Wiza', 'piscina', 'American', '324', 'Rechitsy', 'Russia', '368'),
	('1729228278065', 'Cole, Watsica and Hamill', 'techado', 'Meadow Valley', '247', 'Samanco', 'Peru', '477'),
	('1729228278066', 'Harris, Leannon and Wolff', 'piscina', 'Reindahl', '85', 'Young America', 'United States', '204'),
	('1729228278067', 'Gulgowski Inc', 'techado', '4th', '198', 'Chanthaburi', 'Thailand', '379'),
	('1729228278068', 'Kilback Inc', 'abierto', 'Glendale', '315', 'Ostrowsko', 'Poland', '529'),
	('1729228278069', 'Kovacek-White', 'sin techo', 'Moulton', '394', 'Donabate', 'Ireland', '267'),
	('1729228278070', 'Schimmel, DuBuque and Feil', 'local', 'Bunker Hill', '163', 'Mehar', 'Pakistan', '479'),
	('1729228278071', 'Ondricka LLC', 'local', 'Esch', '94', 'Hoàn Kiếm', 'Vietnam', '319'),
	('1729228278072', 'Rowe, Metz and Cole', 'techado', 'Everett', '282', 'Arauá', 'Brazil', '182'),
	('1729228278073', 'Hilll, Jones and Feest', 'local', 'Jackson', '476', 'Krotoszyn', 'Poland', '445'),
	('1729228278074', 'Watsica-Robel', 'techado', 'Kropf', '420', 'Dmitriyevskoye', 'Russia', '344'),
	('1729228278075', 'Schumm Group', 'abierto', 'Vidon', '436', 'Štěnovice', 'Czech Republic', '679'),
	('1729228278076', 'Dickinson-Adams', 'piscina', 'Sutherland', '21', 'Daxi', 'China', '108'),
	('1729228278077', 'Hayes, Weissnat and Hammes', 'sin techo', 'Burning Wood', '357', 'Mekarjaya', 'Indonesia', '681'),
	('1729228278078', 'Balistreri and Sons', 'piscina', 'Waubesa', '331', 'Cikulina', 'Indonesia', '673'),
	('1729228278079', 'Effertz-Ward', 'abierto', 'Delaware', '200', 'Münster', 'Germany', '466'),
	('1729228278080', 'Heathcote-Hahn', 'abierto', 'Mendota', '296', 'Gjøvik', 'Norway', '361');
	
INSERT INTO disciplina (iddisciplina, idlocalidad, categoria, nombre) VALUES
	('1729229980883', '1729228277931', 'mixta', 'futbol'),
	('1729229980884', '1729228277932', 'femenil', 'nado 200m'),
	('1729229980885', '1729228277933', 'mixta', '100m planos'),
	('1729229980886', '1729228277934', 'femenil', 'surf'),
	('1729229980887', '1729228277935', 'mixta', '100m planos'),
	('1729229980888', '1729228277936', 'mixta', 'atletismo'),
	('1729229980889', '1729228277937', 'mixta', '100m planos'),
	('1729229980890', '1729228277938', 'masculina', 'surf'),
	('1729229980891', '1729228277939', 'masculina', 'nado 100m'),
	('1729229980892', '1729228277940', 'masculina', 'tiro con arco'),
	('1729229980893', '1729228277941', 'mixta', 'nado 200m'),
	('1729229980894', '1729228277942', 'masculina', 'atletismo'),
	('1729229980895', '1729228277943', 'masculina', 'surf'),
	('1729229980896', '1729228277944', 'femenil', '100m planos'),
	('1729229980897', '1729228277945', 'mixta', 'tiro con arco'),
	('1729229980898', '1729228277946', 'masculina', 'lanzamiento de bola'),
	('1729229980899', '1729228277947', 'femenil', 'nado 200m'),
	('1729229980900', '1729228277948', 'mixta', 'nado 200m'),
	('1729229980901', '1729228277949', 'femenil', 'surf'),
	('1729229980902', '1729228277950', 'mixta', 'nado 200m'),
	('1729229980903', '1729228277951', 'masculina', '100m planos'),
	('1729229980904', '1729228277952', 'femenil', 'lanzamiento de bola'),
	('1729229980905', '1729228277953', 'mixta', 'tiro con arco'),
	('1729229980906', '1729228277954', 'femenil', 'tiro deportivo'),
	('1729229980907', '1729228277955', 'masculina', 'nado 200m'),
	('1729229980908', '1729228277956', 'mixta', 'tiro deportivo'),
	('1729229980909', '1729228277957', 'masculina', 'lanzamiento de javalina'),
	('1729229980910', '1729228277958', 'mixta', 'atletismo'),
	('1729229980911', '1729228277959', 'femenil', 'tiro con arco'),
	('1729229980912', '1729228277960', 'femenil', 'surf'),
	('1729229980913', '1729228277961', 'femenil', '100m planos'),
	('1729229980914', '1729228277962', 'masculina', '100m planos'),
	('1729229980915', '1729228277963', 'masculina', 'nado 100m'),
	('1729229980916', '1729228277964', 'mixta', 'lanzamiento de bola'),
	('1729229980917', '1729228277965', 'mixta', 'surf'),
	('1729229980918', '1729228277966', 'femenil', 'atletismo'),
	('1729229980919', '1729228277967', 'femenil', 'tiro con arco'),
	('1729229980920', '1729228277968', 'femenil', 'nado 200m'),
	('1729229980921', '1729228277969', 'mixta', 'futbol'),
	('1729229980922', '1729228277970', 'masculina', 'surf'),
	('1729229980923', '1729228277971', 'femenil', 'nado 200m'),
	('1729229980924', '1729228277972', 'mixta', 'nado 200m'),
	('1729229980925', '1729228277973', 'masculina', 'surf'),
	('1729229980926', '1729228277974', 'masculina', 'nado 100m'),
	('1729229980927', '1729228277975', 'femenil', 'lanzamiento de javalina'),
	('1729229980928', '1729228277976', 'femenil', 'atletismo'),
	('1729229980929', '1729228277977', 'masculina', 'atletismo'),
	('1729229980930', '1729228277978', 'masculina', 'lanzamiento de javalina'),
	('1729229980931', '1729228277979', 'mixta', 'tiro deportivo'),
	('1729229980932', '1729228277980', 'masculina', 'futbol'),
	('1729229980933', '1729228277981', 'masculina', 'nado 100m'),
	('1729229980934', '1729228277982', 'femenil', 'lanzamiento de javalina'),
	('1729229980935', '1729228277983', 'femenil', 'tiro deportivo'),
	('1729229980936', '1729228277984', 'mixta', 'lanzamiento de bola'),
	('1729229980937', '1729228277985', 'masculina', 'lanzamiento de javalina'),
	('1729229980938', '1729228277986', 'femenil', 'surf'),
	('1729229980939', '1729228277987', 'femenil', 'lanzamiento de bola'),
	('1729229980940', '1729228277988', 'mixta', 'futbol'),
	('1729229980941', '1729228277989', 'mixta', 'atletismo'),
	('1729229980942', '1729228277990', 'femenil', '100m planos'),
	('1729229980943', '1729228277991', 'mixta', 'tiro deportivo'),
	('1729229980944', '1729228277992', 'masculina', 'tiro con arco'),
	('1729229980945', '1729228277993', 'femenil', 'nado 200m'),
	('1729229980946', '1729228277994', 'femenil', 'tiro deportivo'),
	('1729229980947', '1729228277995', 'femenil', 'nado 100m'),
	('1729229980948', '1729228277996', 'femenil', 'tiro deportivo'),
	('1729229980949', '1729228277997', 'masculina', 'tiro con arco'),
	('1729229980950', '1729228277998', 'mixta', 'tiro con arco'),
	('1729229980951', '1729228277999', 'femenil', 'tiro con arco'),
	('1729229980952', '1729228278000', 'mixta', 'lanzamiento de javalina'),
	('1729229980953', '1729228278001', 'masculina', 'lanzamiento de bola'),
	('1729229980954', '1729228278002', 'masculina', 'tiro deportivo'),
	('1729229980955', '1729228278003', 'mixta', '100m planos'),
	('1729229980956', '1729228278004', 'femenil', 'lanzamiento de javalina'),
	('1729229980957', '1729228278005', 'femenil', 'atletismo'),
	('1729229980958', '1729228278006', 'masculina', 'nado 200m'),
	('1729229980959', '1729228278007', 'femenil', 'nado 200m'),
	('1729229980960', '1729228278008', 'masculina', 'tiro con arco'),
	('1729229980961', '1729228278009', 'femenil', 'nado 100m'),
	('1729229980962', '1729228278010', 'femenil', 'tiro con arco'),
	('1729229980963', '1729228278011', 'masculina', 'lanzamiento de javalina'),
	('1729229980964', '1729228278012', 'masculina', '100m planos'),
	('1729229980965', '1729228278013', 'femenil', '100m planos'),
	('1729229980966', '1729228278014', 'femenil', 'atletismo'),
	('1729229980967', '1729228278015', 'mixta', 'futbol'),
	('1729229980968', '1729228278016', 'femenil', 'nado 200m'),
	('1729229980969', '1729228278017', 'mixta', 'nado 200m'),
	('1729229980970', '1729228278018', 'masculina', 'surf'),
	('1729229980971', '1729228278019', 'masculina', 'atletismo'),
	('1729229980972', '1729228278020', 'masculina', 'lanzamiento de javalina'),
	('1729229980973', '1729228278021', 'mixta', 'futbol'),
	('1729229980974', '1729228278022', 'masculina', 'futbol'),
	('1729229980975', '1729228278023', 'masculina', 'nado 100m'),
	('1729229980976', '1729228278024', 'masculina', 'futbol'),
	('1729229980977', '1729228278025', 'mixta', 'lanzamiento de javalina'),
	('1729229980978', '1729228278026', 'mixta', 'lanzamiento de bola'),
	('1729229980979', '1729228278027', 'masculina', 'atletismo'),
	('1729229980980', '1729228278028', 'masculina', 'nado 200m'),
	('1729229980981', '1729228278029', 'masculina', '100m planos'),
	('1729229980982', '1729228278030', 'femenil', '100m planos'),
	('1729229980983', '1729228278031', 'mixta', 'lanzamiento de bola'),
	('1729229980984', '1729228278032', 'mixta', '100m planos'),
	('1729229980985', '1729228278033', 'masculina', '100m planos'),
	('1729229980986', '1729228278034', 'mixta', 'surf'),
	('1729229980987', '1729228278035', 'mixta', '100m planos'),
	('1729229980988', '1729228278036', 'femenil', 'lanzamiento de javalina'),
	('1729229980989', '1729228278037', 'femenil', 'futbol'),
	('1729229980990', '1729228278038', 'femenil', 'atletismo'),
	('1729229980991', '1729228278039', 'femenil', '100m planos'),
	('1729229980992', '1729228278040', 'masculina', 'tiro deportivo'),
	('1729229980993', '1729228278041', 'mixta', 'lanzamiento de javalina'),
	('1729229980994', '1729228278042', 'masculina', 'surf'),
	('1729229980995', '1729228278043', 'mixta', 'tiro deportivo'),
	('1729229980996', '1729228278044', 'masculina', 'surf'),
	('1729229980997', '1729228278045', 'mixta', 'futbol'),
	('1729229980998', '1729228278046', 'masculina', 'surf'),
	('1729229980999', '1729228278047', 'femenil', 'tiro deportivo'),
	('1729229981000', '1729228278048', 'mixta', 'lanzamiento de bola'),
	('1729229981001', '1729228278049', 'femenil', '100m planos'),
	('1729229981002', '1729228278050', 'masculina', 'lanzamiento de javalina'),
	('1729229981003', '1729228278051', 'masculina', 'nado 200m'),
	('1729229981004', '1729228278052', 'mixta', '100m planos'),
	('1729229981005', '1729228278053', 'mixta', 'atletismo'),
	('1729229981006', '1729228278054', 'mixta', 'futbol'),
	('1729229981007', '1729228278055', 'mixta', 'lanzamiento de bola'),
	('1729229981008', '1729228278056', 'masculina', '100m planos'),
	('1729229981009', '1729228278057', 'masculina', 'nado 100m'),
	('1729229981010', '1729228278058', 'masculina', 'lanzamiento de javalina'),
	('1729229981011', '1729228278059', 'masculina', 'tiro deportivo'),
	('1729229981012', '1729228278060', 'femenil', 'tiro deportivo'),
	('1729229981013', '1729228278061', 'femenil', 'tiro con arco'),
	('1729229981014', '1729228278062', 'masculina', 'atletismo'),
	('1729229981015', '1729228278063', 'femenil', 'tiro deportivo'),
	('1729229981016', '1729228278064', 'femenil', 'atletismo'),
	('1729229981017', '1729228278065', 'femenil', 'nado 200m'),
	('1729229981018', '1729228278066', 'femenil', 'atletismo'),
	('1729229981019', '1729228278067', 'femenil', 'tiro deportivo'),
	('1729229981020', '1729228278068', 'femenil', 'tiro deportivo'),
	('1729229981021', '1729228278069', 'masculina', 'tiro deportivo'),
	('1729229981022', '1729228278070', 'femenil', 'atletismo'),
	('1729229981023', '1729228278071', 'mixta', 'tiro con arco'),
	('1729229981024', '1729228278072', 'masculina', 'lanzamiento de bola'),
	('1729229981025', '1729228278073', 'masculina', 'lanzamiento de bola'),
	('1729229981026', '1729228278074', 'masculina', 'tiro deportivo'),
	('1729229981027', '1729228278075', 'femenil', 'lanzamiento de bola'),
	('1729229981028', '1729228278076', 'femenil', 'lanzamiento de bola'),
	('1729229981029', '1729228278077', 'masculina', 'atletismo'),
	('1729229981030', '1729228278078', 'femenil', '100m planos'),
	('1729229981031', '1729228278079', 'mixta', 'lanzamiento de javalina'),
	('1729229981032', '1729228278080', 'masculina', 'nado 100m'),
	('1729229981033', '1729228278080', 'masculina', 'halterofilia'),
	('1729229981034', '1729228278070', 'femenina', 'halterofilia');
	
INSERT INTO evento (idevento, iddisciplina, fecha, precioinic, duracionmax, llaveeliminatoria) VALUES
	('1729232608306', '1729229980883', '4/16/2024', '$24.98', '12:40 PM', '18'),
	('1729232608307', '1729229980884', '3/10/2024', '$36.62', '11:39 PM', '6'),
	('1729232608308', '1729229980885', '5/9/2024', '$19.42', '6:23 PM', '20'),
	('1729232608309', '1729229980886', '2/11/2024', '$16.10', '12:48 AM', '17'),
	('1729232608310', '1729229980887', '11/16/2024', '$25.58', '9:19 AM', '20'),
	('1729232608311', '1729229980888', '12/6/2024', '$24.53', '5:46 AM', '10'),
	('1729232608312', '1729229980889', '4/20/2024', '$16.04', '5:00 AM', '17'),
	('1729232608313', '1729229980890', '9/4/2024', '$18.43', '3:57 AM', '10'),
	('1729232608314', '1729229980891', '3/31/2024', '$33.55', '4:49 AM', '1'),
	('1729232608315', '1729229980892', '9/24/2024', '$31.89', '5:51 AM', '11'),
	('1729232608316', '1729229980893', '7/13/2024', '$18.99', '5:47 AM', '8'),
	('1729232608317', '1729229980894', '9/15/2024', '$26.82', '2:00 PM', '2'),
	('1729232608318', '1729229980895', '2/16/2024', '$14.85', '4:25 AM', '18'),
	('1729232608319', '1729229980896', '11/9/2024', '$34.38', '9:55 AM', '1'),
	('1729232608320', '1729229980897', '3/11/2024', '$46.62', '12:05 PM', '13'),
	('1729232608321', '1729229980898', '4/9/2024', '$11.05', '9:06 AM', '4'),
	('1729232608322', '1729229980899', '2/12/2024', '$40.55', '6:50 AM', '4'),
	('1729232608323', '1729229980900', '6/5/2024', '$28.00', '11:11 PM', '9'),
	('1729232608324', '1729229980901', '3/16/2024', '$44.31', '2:29 AM', '8'),
	('1729232608325', '1729229980902', '3/17/2024', '$15.12', '3:45 PM', '12'),
	('1729232608326', '1729229980903', '1/19/2024', '$39.49', '4:15 AM', '18'),
	('1729232608327', '1729229980904', '10/29/2024', '$45.89', '4:49 PM', '17'),
	('1729232608328', '1729229980905', '9/2/2024', '$17.22', '10:49 PM', '10'),
	('1729232608329', '1729229980906', '4/13/2024', '$29.33', '7:12 PM', '1'),
	('1729232608330', '1729229980907', '7/30/2024', '$31.89', '6:46 PM', '19'),
	('1729232608331', '1729229980908', '3/6/2024', '$42.23', '4:49 AM', '16'),
	('1729232608332', '1729229980909', '4/20/2024', '$35.71', '1:29 AM', '5'),
	('1729232608333', '1729229980910', '3/28/2024', '$25.79', '2:39 PM', '9'),
	('1729232608334', '1729229980911', '5/6/2024', '$2600.06', '1:30 PM', '16'),
	('1729232608335', '1729229980912', '11/24/2024', '$10.84', '1:34 PM', '4'),
	('1729232608336', '1729229980913', '6/10/2024', '$12.70', '7:01 AM', '11'),
	('1729232608337', '1729229980914', '2/27/2024', '$31.15', '1:33 AM', '15'),
	('1729232608338', '1729229980915', '3/28/2024', '$28.20', '9:41 PM', '15'),
	('1729232608339', '1729229980916', '12/23/2024', '$48.89', '11:24 PM', '19'),
	('1729232608340', '1729229980917', '7/3/2024', '$41.56', '11:04 AM', '5'),
	('1729232608341', '1729229980918', '8/28/2024', '$11.58', '9:47 AM', '1'),
	('1729232608342', '1729229980919', '1/10/2024', '$35.64', '5:37 AM', '9'),
	('1729232608343', '1729229980920', '11/10/2024', '$43.99', '5:12 AM', '5'),
	('1729232608344', '1729229980921', '8/6/2024', '$22.77', '11:11 AM', '12'),
	('1729232608345', '1729229980922', '5/27/2024', '$22.61', '2:57 PM', '4'),
	('1729232608346', '1729229980923', '3/14/2024', '$6000.57', '6:24 AM', '20'),
	('1729232608347', '1729229980924', '6/17/2024', '$18.48', '2:47 AM', '17'),
	('1729232608348', '1729229980925', '7/31/2024', '$25.69', '4:20 AM', '10'),
	('1729232608349', '1729229980926', '11/29/2024', '$7200.46', '3:38 PM', '19'),
	('1729232608350', '1729229980927', '9/26/2024', '$28.03', '3:32 AM', '5'),
	('1729232608351', '1729229980928', '6/7/2024', '$35.06', '5:20 AM', '10'),
	('1729232608352', '1729229980929', '2/12/2024', '$13.96', '6:02 PM', '16'),
	('1729232608353', '1729229980930', '10/24/2024', '$5000.29', '1:34 PM', '5'),
	('1729232608354', '1729229980931', '7/27/2024', '$37.44', '9:01 PM', '16'),
	('1729232608355', '1729229980932', '7/13/2024', '$5400.24', '6:00 PM', '20'),
	('1729232608356', '1729229980933', '11/18/2024', '$35.05', '8:04 PM', '3'),
	('1729232608357', '1729229980934', '4/21/2024', '$3000.71', '7:59 PM', '3'),
	('1729232608358', '1729229980935', '8/20/2024', '$39.84', '11:36 PM', '3'),
	('1729232608359', '1729229980936', '8/24/2024', '$21.57', '12:47 AM', '13'),
	('1729232608360', '1729229980937', '11/18/2024', '$31.36', '2:24 AM', '15'),
	('1729232608361', '1729229980938', '2/23/2024', '$31.88', '10:34 PM', '14'),
	('1729232608362', '1729229980939', '5/19/2024', '$26.42', '6:09 PM', '7'),
	('1729232608363', '1729229980940', '5/16/2024', '$20.82', '1:59 AM', '14'),
	('1729232608364', '1729229980941', '9/13/2024', '$20.07', '9:30 PM', '5'),
	('1729232608365', '1729229980942', '9/8/2024', '$19.01', '10:04 PM', '1'),
	('1729232608366', '1729229980943', '10/8/2024', '$31.41', '4:41 PM', '5'),
	('1729232608367', '1729229980944', '9/28/2024', '$19.27', '10:08 AM', '7'),
	('1729232608368', '1729229980945', '3/18/2024', '$26.60', '4:25 PM', '1'),
	('1729232608369', '1729229980946', '6/26/2024', '$18.27', '2:33 PM', '1'),
	('1729232608370', '1729229980947', '4/16/2024', '$41.49', '5:08 AM', '15'),
	('1729232608371', '1729229980948', '2/26/2024', '$39.73', '9:29 AM', '16'),
	('1729232608372', '1729229980949', '7/13/2024', '$38.08', '4:28 PM', '18'),
	('1729232608373', '1729229980950', '5/6/2024', '$34.08', '3:22 PM', '2'),
	('1729232608374', '1729229980951', '9/6/2024', '$46.43', '7:01 PM', '20'),
	('1729232608375', '1729229980952', '9/8/2024', '$33.51', '9:19 AM', '19'),
	('1729232608376', '1729229980953', '2/23/2024', '$17.14', '5:42 PM', '18'),
	('1729232608377', '1729229980954', '5/29/2024', '$28.60', '5:21 PM', '2'),
	('1729232608378', '1729229980955', '9/5/2024', '$15.53', '4:07 PM', '5'),
	('1729232608379', '1729229980956', '6/23/2024', '$44.91', '12:37 PM', '20'),
	('1729232608380', '1729229980957', '6/11/2024', '$22.06', '12:24 PM', '7'),
	('1729232608381', '1729229980958', '2/12/2024', '$41.96', '7:29 PM', '11'),
	('1729232608382', '1729229980959', '1/20/2024', '$37.65', '11:57 PM', '15'),
	('1729232608383', '1729229980960', '8/24/2024', '$31.61', '10:06 AM', '18'),
	('1729232608384', '1729229980961', '6/19/2024', '$34.81', '12:54 AM', '5'),
	('1729232608385', '1729229980962', '6/30/2024', '$37.69', '6:58 PM', '11'),
	('1729232608386', '1729229980963', '4/3/2024', '$32.35', '9:20 AM', '2'),
	('1729232608387', '1729229980964', '12/3/2024', '$20.02', '10:43 AM', '11'),
	('1729232608388', '1729229980965', '9/27/2024', '$36.98', '12:26 AM', '7'),
	('1729232608389', '1729229980966', '7/10/2024', '$37.60', '7:15 PM', '17'),
	('1729232608390', '1729229980967', '7/15/2024', '$47.31', '2:14 AM', '10'),
	('1729232608391', '1729229980968', '2/22/2024', '$37.71', '4:01 AM', '4'),
	('1729232608392', '1729229980969', '11/24/2024', '$32.16', '3:57 AM', '14'),
	('1729232608393', '1729229980970', '10/6/2024', '$43.82', '8:32 AM', '14'),
	('1729232608394', '1729229980971', '7/25/2024', '$33.14', '7:16 PM', '17'),
	('1729232608395', '1729229980972', '1/19/2024', '$30.77', '10:10 PM', '13'),
	('1729232608396', '1729229980973', '1/20/2024', '$10.25', '1:23 PM', '7'),
	('1729232608397', '1729229980974', '5/13/2024', '$14.94', '4:13 PM', '1'),
	('1729232608398', '1729229980975', '11/3/2024', '$49.28', '10:06 AM', '7'),
	('1729232608399', '1729229980976', '6/9/2024', '$24.98', '8:38 AM', '14'),
	('1729232608400', '1729229980977', '9/29/2024', '$21.69', '12:46 AM', '4'),
	('1729232608401', '1729229980978', '4/15/2024', '$29.40', '3:02 AM', '3'),
	('1729232608402', '1729229980979', '1/8/2024', '$19.92', '5:05 PM', '18'),
	('1729232608403', '1729229980980', '7/31/2024', '$22.70', '3:50 PM', '16'),
	('1729232608404', '1729229980981', '2/9/2024', '$37.47', '11:43 PM', '20'),
	('1729232608405', '1729229980982', '7/6/2024', '$49.08', '11:19 PM', '17'),
	('1729232608406', '1729229980983', '4/13/2024', '$45.79', '4:57 PM', '18'),
	('1729232608407', '1729229980984', '10/20/2024', '$13.48', '10:10 AM', '20'),
	('1729232608408', '1729229980985', '10/5/2024', '$37.66', '1:22 AM', '11'),
	('1729232608409', '1729229980986', '12/9/2024', '$31.59', '6:10 PM', '8'),
	('1729232608410', '1729229980987', '11/30/2024', '$33.62', '10:20 PM', '13'),
	('1729232608411', '1729229980988', '9/10/2024', '$14.50', '2:44 PM', '5'),
	('1729232608412', '1729229980989', '10/7/2024', '$10.30', '1:10 PM', '9'),
	('1729232608413', '1729229980990', '3/17/2024', '$39.88', '10:54 PM', '13'),
	('1729232608414', '1729229980991', '4/26/2024', '$29.05', '3:20 PM', '10'),
	('1729232608415', '1729229980992', '10/22/2024', '$38.68', '10:26 PM', '15'),
	('1729232608416', '1729229980993', '5/7/2024', '$40.84', '6:36 AM', '15'),
	('1729232608417', '1729229980994', '11/5/2024', '$21.30', '12:12 AM', '18'),
	('1729232608418', '1729229980995', '10/20/2024', '$18.41', '9:32 PM', '5'),
	('1729232608419', '1729229980996', '2/6/2024', '$46.51', '2:00 AM', '7'),
	('1729232608420', '1729229980997', '7/27/2024', '$41.12', '7:31 PM', '7'),
	('1729232608421', '1729229980998', '9/15/2024', '$28.76', '12:56 PM', '11'),
	('1729232608422', '1729229980999', '9/20/2024', '$12.53', '9:42 AM', '9'),
	('1729232608423', '1729229981000', '6/9/2024', '$17.73', '10:10 PM', '17'),
	('1729232608424', '1729229981001', '6/24/2024', '$33.50', '1:14 AM', '18'),
	('1729232608425', '1729229981002', '9/16/2024', '$49.29', '12:48 AM', '3'),
	('1729232608426', '1729229981003', '9/12/2024', '$10.50', '1:48 AM', '13'),
	('1729232608427', '1729229981004', '4/20/2024', '$29.24', '5:23 AM', '9'),
	('1729232608428', '1729229981005', '3/5/2024', '$15.12', '2:15 AM', '2'),
	('1729232608429', '1729229981006', '6/8/2024', '$43.20', '6:50 PM', '6'),
	('1729232608430', '1729229981007', '8/16/2024', '$34.24', '1:03 PM', '13'),
	('1729232608431', '1729229981008', '11/27/2024', '$22.65', '5:46 AM', '15'),
	('1729232608432', '1729229981009', '12/27/2024', '$16.41', '3:44 AM', '9'),
	('1729232608433', '1729229981010', '1/24/2024', '$23.20', '5:52 PM', '10'),
	('1729232608434', '1729229981011', '12/14/2024', '$47.40', '10:30 PM', '12'),
	('1729232608435', '1729229981012', '10/27/2024', '$48.11', '10:53 PM', '17'),
	('1729232608436', '1729229981013', '9/15/2024', '$35.61', '9:11 AM', '7'),
	('1729232608437', '1729229981014', '9/6/2024', '$17.24', '5:12 PM', '17'),
	('1729232608438', '1729229981015', '1/18/2024', '$34.63', '8:48 AM', '20'),
	('1729232608439', '1729229981016', '11/13/2024', '$36.69', '1:59 PM', '7'),
	('1729232608440', '1729229981017', '4/1/2024', '$41.34', '12:30 PM', '1'),
	('1729232608441', '1729229981018', '5/30/2024', '$44.29', '12:26 PM', '9'),
	('1729232608442', '1729229981019', '10/9/2024', '$33.54', '9:34 AM', '14'),
	('1729232608443', '1729229981020', '1/28/2024', '$14.95', '1:31 PM', '1'),
	('1729232608444', '1729229981021', '7/18/2024', '$21.88', '5:16 PM', '18'),
	('1729232608445', '1729229981022', '7/27/2024', '$40.38', '9:54 AM', '13'),
	('1729232608446', '1729229981023', '5/2/2024', '$29.76', '3:42 PM', '18'),
	('1729232608447', '1729229981024', '7/13/2024', '$23.48', '10:16 AM', '11'),
	('1729232608448', '1729229981025', '10/16/2024', '$30.61', '7:33 PM', '18'),
	('1729232608449', '1729229981026', '9/7/2024', '$48.49', '11:17 AM', '5'),
	('1729232608450', '1729229981027', '1/10/2024', '$48.01', '1:34 AM', '8'),
	('1729232608451', '1729229981028', '8/23/2024', '$17.00', '9:32 PM', '1'),
	('1729232608452', '1729229981029', '8/21/2024', '$30.56', '8:32 PM', '3'),
	('1729232608453', '1729229981030', '10/3/2024', '$40.70', '7:59 PM', '20'),
	('1729232608454', '1729229981031', '5/17/2024', '$45.96', '12:41 AM', '7'),
	('1729232608455', '1729229981032', '9/5/2024', '$23.03', '3:06 PM', '17'),
	('1729232608456', '1729229981033', '10/5/2024', '$2500.00','4:04 PM','6');

INSERT INTO patrocinador (iddisciplina, patrocinador) VALUES
	('1729229980883', 'Feedfire'),
	('1729229980884', 'Eidel'),
	('1729229980885', 'Skyble'),
	('1729229980886', 'Flipbug'),
	('1729229980887', 'Lazzy'),
	('1729229980888', 'Zoonder'),
	('1729229980889', 'InnoZ'),
	('1729229980890', 'Quinu'),
	('1729229980891', 'Skivee'),
	('1729229980892', 'Chatterbridge'),
	('1729229980893', 'Rhynyx'),
	('1729229980894', 'Kwilith'),
	('1729229980895', 'Lazzy'),
	('1729229980896', 'Youspan'),
	('1729229980897', 'Yata'),
	('1729229980898', 'Thoughtbeat'),
	('1729229980899', 'Innojam'),
	('1729229980900', 'Fivebridge'),
	('1729229980901', 'Mycat'),
	('1729229980902', 'Realfire'),
	('1729229980903', 'Dazzlesphere'),
	('1729229980904', 'Thoughtsphere'),
	('1729229980905', 'Izio'),
	('1729229980906', 'Wikizz'),
	('1729229980907', 'Realcube'),
	('1729229980908', 'Meembee'),
	('1729229980909', 'Youtags'),
	('1729229980910', 'Ooba'),
	('1729229980911', 'Dazzlesphere'),
	('1729229980912', 'Tagopia'),
	('1729229980913', 'Shufflester'),
	('1729229980914', 'Thoughtstorm'),
	('1729229980915', 'Dynabox'),
	('1729229980916', 'Flashspan'),
	('1729229980917', 'Thoughtbeat'),
	('1729229980918', 'Flashset'),
	('1729229980919', 'Pixope'),
	('1729229980920', 'Zooveo'),
	('1729229980921', 'Kazio'),
	('1729229980922', 'Meevee'),
	('1729229980923', 'Minyx'),
	('1729229980924', 'Dabfeed'),
	('1729229980925', 'Gigaclub'),
	('1729229980926', 'Photobean'),
	('1729229980927', 'Realfire'),
	('1729229980928', 'Kimia'),
	('1729229980929', 'Tagtune'),
	('1729229980930', 'Realcube'),
	('1729229980931', 'Gigashots'),
	('1729229980932', 'Babblestorm'),
	('1729229980933', 'Mybuzz'),
	('1729229980934', 'Brightdog'),
	('1729229980935', 'Photolist'),
	('1729229980936', 'Bubblemix'),
	('1729229980937', 'Layo'),
	('1729229980938', 'Feednation'),
	('1729229980939', 'Eire'),
	('1729229980940', 'Jatri'),
	('1729229980941', 'Gigashots'),
	('1729229980942', 'Yata'),
	('1729229980943', 'Gigabox'),
	('1729229980944', 'Gigabox'),
	('1729229980945', 'Flipbug'),
	('1729229980946', 'Mynte'),
	('1729229980947', 'Gabcube'),
	('1729229980948', 'Katz'),
	('1729229980949', 'Quatz'),
	('1729229980950', 'Realbridge'),
	('1729229980951', 'Tekfly'),
	('1729229980952', 'Brightbean'),
	('1729229980953', 'Reallinks'),
	('1729229980954', 'Rhynoodle'),
	('1729229980955', 'Jayo'),
	('1729229980956', 'Skinder'),
	('1729229980957', 'Realmix'),
	('1729229980958', 'Centizu'),
	('1729229980959', 'Skalith'),
	('1729229980960', 'Bluejam'),
	('1729229980961', 'Riffpedia'),
	('1729229980962', 'Zoozzy'),
	('1729229980963', 'Kimia'),
	('1729229980964', 'Livefish'),
	('1729229980965', 'Miboo'),
	('1729229980966', 'Twinder'),
	('1729229980967', 'Oozz'),
	('1729229980968', 'Dabvine'),
	('1729229980969', 'Mynte'),
	('1729229980970', 'Devpulse'),
	('1729229980971', 'Dynava'),
	('1729229980972', 'Dynazzy'),
	('1729229980973', 'Blogpad'),
	('1729229980974', 'Jamia'),
	('1729229980975', 'Browsetype'),
	('1729229980976', 'Latz'),
	('1729229980977', 'Fiveclub'),
	('1729229980978', 'Quimm'),
	('1729229980979', 'Twitterworks'),
	('1729229980980', 'Shufflebeat'),
	('1729229980981', 'Fivechat'),
	('1729229980982', 'Dablist'),
	('1729229980983', 'Blognation'),
	('1729229980984', 'Wikibox'),
	('1729229980985', 'Twinte'),
	('1729229980986', 'Lazz'),
	('1729229980987', 'Ntags'),
	('1729229980988', 'Meetz'),
	('1729229980989', 'Voonix'),
	('1729229980990', 'Gabtune'),
	('1729229980991', 'Yotz'),
	('1729229980992', 'Chatterbridge'),
	('1729229980993', 'Twitterwire'),
	('1729229980994', 'Devify'),
	('1729229980995', 'Dabjam'),
	('1729229980996', 'Fadeo'),
	('1729229980997', 'Kimia'),
	('1729229980998', 'Rhycero'),
	('1729229980999', 'Topdrive'),
	('1729229981000', 'Blogpad'),
	('1729229981001', 'Dabfeed'),
	('1729229981002', 'Innotype'),
	('1729229981003', 'Skyba'),
	('1729229981004', 'Jamia'),
	('1729229981005', 'Einti'),
	('1729229981006', 'Flipbug'),
	('1729229981007', 'Agivu'),
	('1729229981008', 'Oba'),
	('1729229981009', 'Youtags'),
	('1729229981010', 'Blognation'),
	('1729229981011', 'Voonder'),
	('1729229981012', 'Tagtune'),
	('1729229981013', 'Twitterbridge'),
	('1729229981014', 'Zooxo'),
	('1729229981015', 'Chatterpoint'),
	('1729229981016', 'Realpoint'),
	('1729229981017', 'Kamba'),
	('1729229981018', 'Eire'),
	('1729229981019', 'Einti'),
	('1729229981020', 'Realblab'),
	('1729229981021', 'Yombu'),
	('1729229981022', 'Tagtune'),
	('1729229981023', 'Fivespan'),
	('1729229981024', 'Ntags'),
	('1729229981025', 'Demimbu'),
	('1729229981026', 'Edgeblab'),
	('1729229981027', 'Twinder'),
	('1729229981028', 'Aivee'),
	('1729229981029', 'Skinix'),
	('1729229981030', 'Youspan'),
	('1729229981031', 'Skaboo'),
	('1729229981032', 'Skinte');


INSERT INTO participaratleta (idevento, idolimpicoa) VALUES
	('1729232608410', '1729225213008'),
	('1729232608356', '1729225213029'),
	('1729232608350', '1729225212936'),
	('1729232608405', '1729225212992'),
	('1729232608413', '1729225212956'),
	('1729232608312', '1729225213070'),
	('1729232608308', '1729225212976'),
	('1729232608331', '1729225212987'),
	('1729232608407', '1729225213028'),
	('1729232608377', '1729225213026'),
	('1729232608380', '1729225212998'),
	('1729232608400', '1729225212935'),
	('1729232608398', '1729225213070'),
	('1729232608336', '1729225213019'),
	('1729232608321', '1729225213008'),
	('1729232608372', '1729225212991'),
	('1729232608414', '1729225212995'),
	('1729232608399', '1729225212990'),
	('1729232608344', '1729225213024'),
	('1729232608339', '1729225213019'),
	('1729232608358', '1729225213011'),
	('1729232608331', '1729225212983'),
	('1729232608326', '1729225212944'),
	('1729232608334', '1729225213047'),
	('1729232608423', '1729225213043'),
	('1729232608328', '1729225212928'),
	('1729232608380', '1729225213037'),
	('1729232608354', '1729225212942'),
	('1729232608364', '1729225212980'),
	('1729232608369', '1729225212931'),
	('1729232608328', '1729225212969'),
	('1729232608343', '1729225212983'),
	('1729232608445', '1729225213034'),
	('1729232608415', '1729225212988'),
	('1729232608433', '1729225213006'),
	('1729232608436', '1729225213006'),
	('1729232608435', '1729225212937'),
	('1729232608382', '1729225212937'),
	('1729232608430', '1729225213049'),
	('1729232608322', '1729225213023'),
	('1729232608393', '1729225212961'),
	('1729232608417', '1729225213053'),
	('1729232608306', '1729225213037'),
	('1729232608449', '1729225213030'),
	('1729232608318', '1729225212931'),
	('1729232608342', '1729225212992'),
	('1729232608353', '1729225213051'),
	('1729232608332', '1729225212946'),
	('1729232608370', '1729225212943'),
	('1729232608372', '1729225213050'),
	('1729232608340', '1729225212971'),
	('1729232608384', '1729225213051'),
	('1729232608373', '1729225212947'),
	('1729232608356', '1729225212945'),
	('1729232608355', '1729225213034'),
	('1729232608426', '1729225213040'),
	('1729232608407', '1729225212922'),
	('1729232608435', '1729225213043'),
	('1729232608332', '1729225212928'),
	('1729232608447', '1729225212985'),
	('1729232608306', '1729225213065'),
	('1729232608307', '1729225212937'),
	('1729232608313', '1729225213065'),
	('1729232608452', '1729225213051'),
	('1729232608402', '1729225212971'),
	('1729232608358', '1729225212932'),
	('1729232608308', '1729225212936'),
	('1729232608450', '1729225212926'),
	('1729232608344', '1729225212955'),
	('1729232608314', '1729225213023'),
	('1729232608438', '1729225212962'),
	('1729232608442', '1729225212991'),
	('1729232608313', '1729225213017'),
	('1729232608447', '1729225213020'),
	('1729232608362', '1729225213055'),
	('1729232608438', '1729225213042'),
	('1729232608417', '1729225212945'),
	('1729232608358', '1729225212945'),
	('1729232608408', '1729225212923'),
	('1729232608361', '1729225213033'),
	('1729232608380', '1729225212949'),
	('1729232608317', '1729225213019'),
	('1729232608334', '1729225213066'),
	('1729232608375', '1729225213041'),
	('1729232608409', '1729225212922'),
	('1729232608348', '1729225213011'),
	('1729232608412', '1729225213036'),
	('1729232608330', '1729225213009'),
	('1729232608392', '1729225212924'),
	('1729232608421', '1729225213022'),
	('1729232608382', '1729225212975'),
	('1729232608327', '1729225213049'),
	('1729232608377', '1729225212945'),
	('1729232608333', '1729225212976'),
	('1729232608340', '1729225213042'),
	('1729232608319', '1729225212996'),
	('1729232608342', '1729225213071'),
	('1729232608395', '1729225212925'),
	('1729232608378', '1729225212945'),
	('1729232608381', '1729225212942'),
	('1729232608449', '1729225212967'),
	('1729232608416', '1729225212935'),
	('1729232608441', '1729225212927'),
	('1729232608406', '1729225213017'),
	('1729232608394', '1729225212959'),
	('1729232608320', '1729225213062'),
	('1729232608441', '1729225213007'),
	('1729232608415', '1729225212997'),
	('1729232608447', '1729225213036'),
	('1729232608425', '1729225213000'),
	('1729232608311', '1729225212997'),
	('1729232608376', '1729225213025'),
	('1729232608410', '1729225212988'),
	('1729232608361', '1729225212952'),
	('1729232608329', '1729225213008'),
	('1729232608349', '1729225212949'),
	('1729232608372', '1729225213040'),
	('1729232608405', '1729225213012'),
	('1729232608349', '1729225213071'),
	('1729232608379', '1729225212951'),
	('1729232608335', '1729225212994'),
	('1729232608397', '1729225213037'),
	('1729232608365', '1729225213058'),
	('1729232608316', '1729225212926'),
	('1729232608402', '1729225212946'),
	('1729232608408', '1729225213030'),
	('1729232608388', '1729225213002'),
	('1729232608432', '1729225212925'),
	('1729232608315', '1729225212988'),
	('1729232608392', '1729225212993'),
	('1729232608374', '1729225212928'),
	('1729232608452', '1729225213070'),
	('1729232608453', '1729225213014'),
	('1729232608351', '1729225212945'),
	('1729232608408', '1729225212971'),
	('1729232608402', '1729225212946'),
	('1729232608442', '1729225212923'),
	('1729232608377', '1729225213006'),
	('1729232608328', '1729225213011'),
	('1729232608408', '1729225213002'),
	('1729232608438', '1729225212928'),
	('1729232608435', '1729225213068'),
	('1729232608398', '1729225212987'),
	('1729232608378', '1729225212997'),
	('1729232608359', '1729225213067'),
	('1729232608454', '1729225213065'),
	('1729232608449', '1729225213028'),
	('1729232608369', '1729225212948'),
	('1729232608308', '1729225212982'),
	('1729232608361', '1729225212957'),
	('1729232608358', '1729225212956'),
	('1729232608336', '1729225213058'),
	('1729232608352', '1729225212945'),
	('1729232608350', '1729225213023'),
	('1729232608444', '1729225212944'),
	('1729232608400', '1729225213025'),
	('1729232608376', '1729225212946'),
	('1729232608400', '1729225212925'),
	('1729232608322', '1729225213023'),
	('1729232608312', '1729225213031'),
	('1729232608308', '1729225213003'),
	('1729232608449', '1729225213031'),
	('1729232608325', '1729225213042'),
	('1729232608347', '1729225212927'),
	('1729232608380', '1729225213003'),
	('1729232608393', '1729225212969'),
	('1729232608420', '1729225212971'),
	('1729232608393', '1729225212922'),
	('1729232608454', '1729225213070'),
	('1729232608446', '1729225213068'),
	('1729232608399', '1729225213030'),
	('1729232608384', '1729225212953'),
	('1729232608355', '1729225212948'),
	('1729232608419', '1729225213013'),
	('1729232608435', '1729225213040'),
	('1729232608386', '1729225213061'),
	('1729232608366', '1729225212975'),
	('1729232608453', '1729225212943'),
	('1729232608444', '1729225213057'),
	('1729232608441', '1729225213012'),
	('1729232608380', '1729225212953'),
	('1729232608387', '1729225213026'),
	('1729232608434', '1729225213063'),
	('1729232608438', '1729225212966'),
	('1729232608376', '1729225213021'),
	('1729232608306', '1729225212962'),
	('1729232608448', '1729225213056'),
	('1729232608326', '1729225212976'),
	('1729232608320', '1729225213027'),
	('1729232608335', '1729225212926'),
	('1729232608335', '1729225213071'),
	('1729232608333', '1729225213028'),
	('1729232608376', '1729225212974'),
	('1729232608331', '1729225213035'),
	('1729232608307', '1729225213068'),
	('1729232608307', '1729225212951'),
	('1729232608358', '1729225213001'),
	('1729232608370', '1729225212955'),
	('1729232608379', '1729225213024'),
	('1729232608330', '1729225212980'),
	('1729232608456', '1729225213066'),
	('1729232608456', '1729225213067'),
	('1729232608456', '1729225213068'),
	('1729232608456', '1729225213069'),
	('1729232608456', '1729225213070'),
	('1729232608456', '1729225213071');

INSERT INTO trabajaratleta (idolimpicoa, iddisciplina) VALUES
	('1729225213008', '1729229980987'),
	('1729225213029', '1729229980933'),
	('1729225212936', '1729229980927'),
	('1729225212992', '1729229980982'),
	('1729225212956', '1729229980990'),
	('1729225213070', '1729229980889'),
	('1729225212976', '1729229980885'),
	('1729225212987', '1729229980908'),
	('1729225213028', '1729229980984'),
	('1729225213026', '1729229980954'),
	('1729225212998', '1729229980957'),
	('1729225212935', '1729229980977'),
	('1729225213070', '1729229980975'),
	('1729225213019', '1729229980913'),
	('1729225213008', '1729229980898'),
	('1729225212991', '1729229980949'),
	('1729225212995', '1729229980991'),
	('1729225212990', '1729229980976'),
	('1729225213024', '1729229980921'),
	('1729225213019', '1729229980916'),
	('1729225213011', '1729229980935'),
	('1729225212983', '1729229980908'),
	('1729225212944', '1729229980903'),
	('1729225213047', '1729229980911'),
	('1729225213043', '1729229981000'),
	('1729225212928', '1729229980905'),
	('1729225213037', '1729229980957'),
	('1729225212942', '1729229980931'),
	('1729225212980', '1729229980941'),
	('1729225212931', '1729229980946'),
	('1729225212969', '1729229980905'),
	('1729225212983', '1729229980920'),
	('1729225213034', '1729229981022'),
	('1729225212988', '1729229980992'),
	('1729225213006', '1729229981010'),
	('1729225213006', '1729229981013'),
	('1729225212937', '1729229981012'),
	('1729225212937', '1729229980959'),
	('1729225213049', '1729229981007'),
	('1729225213023', '1729229980899'),
	('1729225212961', '1729229980970'),
	('1729225213053', '1729229980994'),
	('1729225213037', '1729229980883'),
	('1729225213030', '1729229981026'),
	('1729225212931', '1729229980895'),
	('1729225212992', '1729229980919'),
	('1729225213051', '1729229980930'),
	('1729225212946', '1729229980909'),
	('1729225212943', '1729229980947'),
	('1729225213050', '1729229980949'),
	('1729225212971', '1729229980917'),
	('1729225213051', '1729229980961'),
	('1729225212947', '1729229980950'),
	('1729225212945', '1729229980933'),
	('1729225213034', '1729229980932'),
	('1729225213040', '1729229981003'),
	('1729225212922', '1729229980984'),
	('1729225213043', '1729229981012'),
	('1729225212928', '1729229980909'),
	('1729225212985', '1729229981024'),
	('1729225213065', '1729229980883'),
	('1729225212937', '1729229980884'),
	('1729225213065', '1729229980890'),
	('1729225213051', '1729229981029'),
	('1729225212971', '1729229980979'),
	('1729225212932', '1729229980935'),
	('1729225212936', '1729229980885'),
	('1729225212926', '1729229981027'),
	('1729225212955', '1729229980921'),
	('1729225213023', '1729229980891'),
	('1729225212962', '1729229981015'),
	('1729225212991', '1729229981019'),
	('1729225213017', '1729229980890'),
	('1729225213020', '1729229981024'),
	('1729225213055', '1729229980939'),
	('1729225213042', '1729229981015'),
	('1729225212945', '1729229980994'),
	('1729225212945', '1729229980935'),
	('1729225212923', '1729229980985'),
	('1729225213033', '1729229980938'),
	('1729225212949', '1729229980957'),
	('1729225213019', '1729229980894'),
	('1729225213066', '1729229980911'),
	('1729225213041', '1729229980952'),
	('1729225212922', '1729229980986'),
	('1729225213011', '1729229980925'),
	('1729225213036', '1729229980989'),
	('1729225213009', '1729229980907'),
	('1729225212924', '1729229980969'),
	('1729225213022', '1729229980998'),
	('1729225212975', '1729229980959'),
	('1729225213049', '1729229980904'),
	('1729225212945', '1729229980954'),
	('1729225212976', '1729229980910'),
	('1729225213042', '1729229980917'),
	('1729225212996', '1729229980896'),
	('1729225213071', '1729229980919'),
	('1729225212925', '1729229980972'),
	('1729225212945', '1729229980955'),
	('1729225212942', '1729229980958'),
	('1729225212967', '1729229981026'),
	('1729225212935', '1729229980993'),
	('1729225212927', '1729229981018'),
	('1729225213017', '1729229980983'),
	('1729225212959', '1729229980971'),
	('1729225213062', '1729229980897'),
	('1729225213007', '1729229981018'),
	('1729225212997', '1729229980992'),
	('1729225213036', '1729229981024'),
	('1729225213000', '1729229981002'),
	('1729225212997', '1729229980888'),
	('1729225213025', '1729229980953'),
	('1729225212988', '1729229980987'),
	('1729225212952', '1729229980938'),
	('1729225213008', '1729229980906'),
	('1729225212949', '1729229980926'),
	('1729225213040', '1729229980949'),
	('1729225213012', '1729229980982'),
	('1729225213071', '1729229980926'),
	('1729225212951', '1729229980956'),
	('1729225212994', '1729229980912'),
	('1729225213037', '1729229980974'),
	('1729225213058', '1729229980942'),
	('1729225212926', '1729229980893'),
	('1729225212946', '1729229980979'),
	('1729225213030', '1729229980985'),
	('1729225213002', '1729229980965'),
	('1729225212925', '1729229981009'),
	('1729225212988', '1729229980892'),
	('1729225212993', '1729229980969'),
	('1729225212928', '1729229980951'),
	('1729225213070', '1729229981029'),
	('1729225213014', '1729229981030'),
	('1729225212945', '1729229980928'),
	('1729225212971', '1729229980985'),
	('1729225212946', '1729229980979'),
	('1729225212923', '1729229981019'),
	('1729225213006', '1729229980954'),
	('1729225213011', '1729229980905'),
	('1729225213002', '1729229980985'),
	('1729225212928', '1729229981015'),
	('1729225213068', '1729229981012'),
	('1729225212987', '1729229980975'),
	('1729225212997', '1729229980955'),
	('1729225213067', '1729229980936'),
	('1729225213065', '1729229981031'),
	('1729225213028', '1729229981026'),
	('1729225212948', '1729229980946'),
	('1729225212982', '1729229980885'),
	('1729225212957', '1729229980938'),
	('1729225212956', '1729229980935'),
	('1729225213058', '1729229980913'),
	('1729225212945', '1729229980929'),
	('1729225213023', '1729229980927'),
	('1729225212944', '1729229981021'),
	('1729225213025', '1729229980977'),
	('1729225212946', '1729229980953'),
	('1729225212925', '1729229980977'),
	('1729225213023', '1729229980899'),
	('1729225213031', '1729229980889'),
	('1729225213003', '1729229980885'),
	('1729225213031', '1729229981026'),
	('1729225213042', '1729229980902'),
	('1729225212927', '1729229980924'),
	('1729225213003', '1729229980957'),
	('1729225212969', '1729229980970'),
	('1729225212971', '1729229980997'),
	('1729225212922', '1729229980970'),
	('1729225213070', '1729229981031'),
	('1729225213068', '1729229981023'),
	('1729225213030', '1729229980976'),
	('1729225212953', '1729229980961'),
	('1729225212948', '1729229980932'),
	('1729225213013', '1729229980996'),
	('1729225213040', '1729229981012'),
	('1729225213061', '1729229980963'),
	('1729225212975', '1729229980943'),
	('1729225212943', '1729229981030'),
	('1729225213057', '1729229981021'),
	('1729225213012', '1729229981018'),
	('1729225212953', '1729229980957'),
	('1729225213026', '1729229980964'),
	('1729225213063', '1729229981011'),
	('1729225212966', '1729229981015'),
	('1729225213021', '1729229980953'),
	('1729225212962', '1729229980883'),
	('1729225213056', '1729229981025'),
	('1729225212976', '1729229980903'),
	('1729225213027', '1729229980897'),
	('1729225212926', '1729229980912'),
	('1729225213071', '1729229980912'),
	('1729225213028', '1729229980910'),
	('1729225212974', '1729229980953'),
	('1729225213035', '1729229980908'),
	('1729225213068', '1729229980884'),
	('1729225212951', '1729229980884'),
	('1729225213001', '1729229980935'),
	('1729225212955', '1729229980947'),
	('1729225213024', '1729229980956'),
	('1729225212980', '1729229980907'),
	('1729225213066', '1729229981033'),
	('1729225213067', '1729229981033'),
	('1729225213068', '1729229981033'),
	('1729225213069', '1729229981033'),
	('1729225213070', '1729229981033'),
	('1729225213071', '1729229981033');

INSERT INTO participarentrenador (idevento, idolimpicoe) VALUES
	('1729232608410', '1729222671858'),
	('1729232608356', '1729222671879'),
	('1729232608350', '1729222671786'),
	('1729232608405', '1729222671842'),
	('1729232608413', '1729222671806'),
	('1729232608312', '1729222671920'),
	('1729232608308', '1729222671826'),
	('1729232608331', '1729222671837'),
	('1729232608407', '1729222671878'),
	('1729232608377', '1729222671876'),
	('1729232608380', '1729222671848'),
	('1729232608400', '1729222671785'),
	('1729232608398', '1729222671920'),
	('1729232608336', '1729222671869'),
	('1729232608321', '1729222671858'),
	('1729232608372', '1729222671841'),
	('1729232608414', '1729222671845'),
	('1729232608399', '1729222671840'),
	('1729232608344', '1729222671874'),
	('1729232608339', '1729222671869'),
	('1729232608358', '1729222671861'),
	('1729232608331', '1729222671833'),
	('1729232608326', '1729222671794'),
	('1729232608334', '1729222671897'),
	('1729232608423', '1729222671893'),
	('1729232608328', '1729222671778'),
	('1729232608380', '1729222671887'),
	('1729232608354', '1729222671792'),
	('1729232608364', '1729222671830'),
	('1729232608369', '1729222671781'),
	('1729232608328', '1729222671819'),
	('1729232608343', '1729222671833'),
	('1729232608445', '1729222671884'),
	('1729232608415', '1729222671838'),
	('1729232608433', '1729222671856'),
	('1729232608436', '1729222671856'),
	('1729232608435', '1729222671787'),
	('1729232608382', '1729222671787'),
	('1729232608430', '1729222671899'),
	('1729232608322', '1729222671873'),
	('1729232608393', '1729222671811'),
	('1729232608417', '1729222671903'),
	('1729232608306', '1729222671887'),
	('1729232608449', '1729222671880'),
	('1729232608318', '1729222671781'),
	('1729232608342', '1729222671842'),
	('1729232608353', '1729222671901'),
	('1729232608332', '1729222671796'),
	('1729232608370', '1729222671793'),
	('1729232608372', '1729222671900'),
	('1729232608340', '1729222671821'),
	('1729232608384', '1729222671901'),
	('1729232608373', '1729222671797'),
	('1729232608356', '1729222671795'),
	('1729232608355', '1729222671884'),
	('1729232608426', '1729222671890'),
	('1729232608407', '1729222671772'),
	('1729232608435', '1729222671893'),
	('1729232608332', '1729222671778'),
	('1729232608447', '1729222671835'),
	('1729232608306', '1729222671915'),
	('1729232608307', '1729222671787'),
	('1729232608313', '1729222671915'),
	('1729232608452', '1729222671901'),
	('1729232608402', '1729222671821'),
	('1729232608358', '1729222671782'),
	('1729232608308', '1729222671786'),
	('1729232608450', '1729222671776'),
	('1729232608344', '1729222671805'),
	('1729232608314', '1729222671873'),
	('1729232608438', '1729222671812'),
	('1729232608442', '1729222671841'),
	('1729232608313', '1729222671867'),
	('1729232608447', '1729222671870'),
	('1729232608362', '1729222671905'),
	('1729232608438', '1729222671892'),
	('1729232608417', '1729222671795'),
	('1729232608358', '1729222671795'),
	('1729232608408', '1729222671773'),
	('1729232608361', '1729222671883'),
	('1729232608380', '1729222671799'),
	('1729232608317', '1729222671869'),
	('1729232608334', '1729222671916'),
	('1729232608375', '1729222671891'),
	('1729232608409', '1729222671772'),
	('1729232608348', '1729222671861'),
	('1729232608412', '1729222671886'),
	('1729232608330', '1729222671859'),
	('1729232608392', '1729222671774'),
	('1729232608421', '1729222671872'),
	('1729232608382', '1729222671825'),
	('1729232608327', '1729222671899'),
	('1729232608377', '1729222671795'),
	('1729232608333', '1729222671826'),
	('1729232608340', '1729222671892'),
	('1729232608319', '1729222671846'),
	('1729232608342', '1729222671921'),
	('1729232608395', '1729222671775'),
	('1729232608378', '1729222671795'),
	('1729232608381', '1729222671792'),
	('1729232608449', '1729222671817'),
	('1729232608416', '1729222671785'),
	('1729232608441', '1729222671777'),
	('1729232608406', '1729222671867'),
	('1729232608394', '1729222671809'),
	('1729232608320', '1729222671912'),
	('1729232608441', '1729222671857'),
	('1729232608415', '1729222671847'),
	('1729232608447', '1729222671886'),
	('1729232608425', '1729222671850'),
	('1729232608311', '1729222671847'),
	('1729232608376', '1729222671875'),
	('1729232608410', '1729222671838'),
	('1729232608361', '1729222671802'),
	('1729232608329', '1729222671858'),
	('1729232608349', '1729222671799'),
	('1729232608372', '1729222671890'),
	('1729232608405', '1729222671862'),
	('1729232608349', '1729222671921'),
	('1729232608379', '1729222671801'),
	('1729232608335', '1729222671844'),
	('1729232608397', '1729222671887'),
	('1729232608365', '1729222671908'),
	('1729232608316', '1729222671776'),
	('1729232608402', '1729222671796'),
	('1729232608408', '1729222671880'),
	('1729232608388', '1729222671852'),
	('1729232608432', '1729222671775'),
	('1729232608315', '1729222671838'),
	('1729232608392', '1729222671843'),
	('1729232608374', '1729222671778'),
	('1729232608452', '1729222671920'),
	('1729232608453', '1729222671864'),
	('1729232608351', '1729222671795'),
	('1729232608408', '1729222671821'),
	('1729232608402', '1729222671796'),
	('1729232608442', '1729222671773'),
	('1729232608377', '1729222671856'),
	('1729232608328', '1729222671861'),
	('1729232608408', '1729222671852'),
	('1729232608438', '1729222671778'),
	('1729232608435', '1729222671918'),
	('1729232608398', '1729222671837'),
	('1729232608378', '1729222671847'),
	('1729232608359', '1729222671917'),
	('1729232608454', '1729222671915'),
	('1729232608449', '1729222671878'),
	('1729232608369', '1729222671798'),
	('1729232608308', '1729222671832'),
	('1729232608361', '1729222671807'),
	('1729232608358', '1729222671806'),
	('1729232608336', '1729222671908'),
	('1729232608352', '1729222671795'),
	('1729232608350', '1729222671873'),
	('1729232608444', '1729222671794'),
	('1729232608400', '1729222671875'),
	('1729232608376', '1729222671796'),
	('1729232608400', '1729222671775'),
	('1729232608322', '1729222671873'),
	('1729232608312', '1729222671881'),
	('1729232608308', '1729222671853'),
	('1729232608449', '1729222671881'),
	('1729232608325', '1729222671892'),
	('1729232608347', '1729222671777'),
	('1729232608380', '1729222671853'),
	('1729232608393', '1729222671819'),
	('1729232608420', '1729222671821'),
	('1729232608393', '1729222671772'),
	('1729232608454', '1729222671920'),
	('1729232608446', '1729222671918'),
	('1729232608399', '1729222671880'),
	('1729232608384', '1729222671803'),
	('1729232608355', '1729222671798'),
	('1729232608419', '1729222671863'),
	('1729232608435', '1729222671890'),
	('1729232608386', '1729222671911'),
	('1729232608366', '1729222671825'),
	('1729232608453', '1729222671793'),
	('1729232608444', '1729222671907'),
	('1729232608441', '1729222671862'),
	('1729232608380', '1729222671803'),
	('1729232608387', '1729222671876'),
	('1729232608434', '1729222671913'),
	('1729232608438', '1729222671816'),
	('1729232608376', '1729222671871'),
	('1729232608306', '1729222671812'),
	('1729232608448', '1729222671906'),
	('1729232608326', '1729222671826'),
	('1729232608320', '1729222671877'),
	('1729232608335', '1729222671776'),
	('1729232608335', '1729222671921'),
	('1729232608333', '1729222671878'),
	('1729232608376', '1729222671824'),
	('1729232608331', '1729222671885'),
	('1729232608307', '1729222671918'),
	('1729232608307', '1729222671801'),
	('1729232608358', '1729222671851'),
	('1729232608370', '1729222671805'),
	('1729232608379', '1729222671874'),
	('1729232608330', '1729222671830'),
	('1729232608456', '1729222671916'),
	('1729232608456', '1729222671917'),
	('1729232608456', '1729222671918'),
	('1729232608456', '1729222671919'),
	('1729232608456', '1729222671920'),
	('1729232608456', '1729222671921');

INSERT INTO trabajarentrenador (idolimpicoe, iddisciplina) VALUES
	('1729222671858', '1729229980987'),
	('1729222671879', '1729229980933'),
	('1729222671786', '1729229980927'),
	('1729222671842', '1729229980982'),
	('1729222671806', '1729229980990'),
	('1729222671920', '1729229980889'),
	('1729222671826', '1729229980885'),
	('1729222671837', '1729229980908'),
	('1729222671878', '1729229980984'),
	('1729222671876', '1729229980954'),
	('1729222671848', '1729229980957'),
	('1729222671785', '1729229980977'),
	('1729222671920', '1729229980975'),
	('1729222671869', '1729229980913'),
	('1729222671858', '1729229980898'),
	('1729222671841', '1729229980949'),
	('1729222671845', '1729229980991'),
	('1729222671840', '1729229980976'),
	('1729222671874', '1729229980921'),
	('1729222671869', '1729229980916'),
	('1729222671861', '1729229980935'),
	('1729222671833', '1729229980908'),
	('1729222671794', '1729229980903'),
	('1729222671897', '1729229980911'),
	('1729222671893', '1729229981000'),
	('1729222671778', '1729229980905'),
	('1729222671887', '1729229980957'),
	('1729222671792', '1729229980931'),
	('1729222671830', '1729229980941'),
	('1729222671781', '1729229980946'),
	('1729222671819', '1729229980905'),
	('1729222671833', '1729229980920'),
	('1729222671884', '1729229981022'),
	('1729222671838', '1729229980992'),
	('1729222671856', '1729229981010'),
	('1729222671856', '1729229981013'),
	('1729222671787', '1729229981012'),
	('1729222671787', '1729229980959'),
	('1729222671899', '1729229981007'),
	('1729222671873', '1729229980899'),
	('1729222671811', '1729229980970'),
	('1729222671903', '1729229980994'),
	('1729222671887', '1729229980883'),
	('1729222671880', '1729229981026'),
	('1729222671781', '1729229980895'),
	('1729222671842', '1729229980919'),
	('1729222671901', '1729229980930'),
	('1729222671796', '1729229980909'),
	('1729222671793', '1729229980947'),
	('1729222671900', '1729229980949'),
	('1729222671821', '1729229980917'),
	('1729222671901', '1729229980961'),
	('1729222671797', '1729229980950'),
	('1729222671795', '1729229980933'),
	('1729222671884', '1729229980932'),
	('1729222671890', '1729229981003'),
	('1729222671772', '1729229980984'),
	('1729222671893', '1729229981012'),
	('1729222671778', '1729229980909'),
	('1729222671835', '1729229981024'),
	('1729222671915', '1729229980883'),
	('1729222671787', '1729229980884'),
	('1729222671915', '1729229980890'),
	('1729222671901', '1729229981029'),
	('1729222671821', '1729229980979'),
	('1729222671782', '1729229980935'),
	('1729222671786', '1729229980885'),
	('1729222671776', '1729229981027'),
	('1729222671805', '1729229980921'),
	('1729222671873', '1729229980891'),
	('1729222671812', '1729229981015'),
	('1729222671841', '1729229981019'),
	('1729222671867', '1729229980890'),
	('1729222671870', '1729229981024'),
	('1729222671905', '1729229980939'),
	('1729222671892', '1729229981015'),
	('1729222671795', '1729229980994'),
	('1729222671795', '1729229980935'),
	('1729222671773', '1729229980985'),
	('1729222671883', '1729229980938'),
	('1729222671799', '1729229980957'),
	('1729222671869', '1729229980894'),
	('1729222671916', '1729229980911'),
	('1729222671891', '1729229980952'),
	('1729222671772', '1729229980986'),
	('1729222671861', '1729229980925'),
	('1729222671886', '1729229980989'),
	('1729222671859', '1729229980907'),
	('1729222671774', '1729229980969'),
	('1729222671872', '1729229980998'),
	('1729222671825', '1729229980959'),
	('1729222671899', '1729229980904'),
	('1729222671795', '1729229980954'),
	('1729222671826', '1729229980910'),
	('1729222671892', '1729229980917'),
	('1729222671846', '1729229980896'),
	('1729222671921', '1729229980919'),
	('1729222671775', '1729229980972'),
	('1729222671795', '1729229980955'),
	('1729222671792', '1729229980958'),
	('1729222671817', '1729229981026'),
	('1729222671785', '1729229980993'),
	('1729222671777', '1729229981018'),
	('1729222671867', '1729229980983'),
	('1729222671809', '1729229980971'),
	('1729222671912', '1729229980897'),
	('1729222671857', '1729229981018'),
	('1729222671847', '1729229980992'),
	('1729222671886', '1729229981024'),
	('1729222671850', '1729229981002'),
	('1729222671847', '1729229980888'),
	('1729222671875', '1729229980953'),
	('1729222671838', '1729229980987'),
	('1729222671802', '1729229980938'),
	('1729222671858', '1729229980906'),
	('1729222671799', '1729229980926'),
	('1729222671890', '1729229980949'),
	('1729222671862', '1729229980982'),
	('1729222671921', '1729229980926'),
	('1729222671801', '1729229980956'),
	('1729222671844', '1729229980912'),
	('1729222671887', '1729229980974'),
	('1729222671908', '1729229980942'),
	('1729222671776', '1729229980893'),
	('1729222671796', '1729229980979'),
	('1729222671880', '1729229980985'),
	('1729222671852', '1729229980965'),
	('1729222671775', '1729229981009'),
	('1729222671838', '1729229980892'),
	('1729222671843', '1729229980969'),
	('1729222671778', '1729229980951'),
	('1729222671920', '1729229981029'),
	('1729222671864', '1729229981030'),
	('1729222671795', '1729229980928'),
	('1729222671821', '1729229980985'),
	('1729222671796', '1729229980979'),
	('1729222671773', '1729229981019'),
	('1729222671856', '1729229980954'),
	('1729222671861', '1729229980905'),
	('1729222671852', '1729229980985'),
	('1729222671778', '1729229981015'),
	('1729222671918', '1729229981012'),
	('1729222671837', '1729229980975'),
	('1729222671847', '1729229980955'),
	('1729222671917', '1729229980936'),
	('1729222671915', '1729229981031'),
	('1729222671878', '1729229981026'),
	('1729222671798', '1729229980946'),
	('1729222671832', '1729229980885'),
	('1729222671807', '1729229980938'),
	('1729222671806', '1729229980935'),
	('1729222671908', '1729229980913'),
	('1729222671795', '1729229980929'),
	('1729222671873', '1729229980927'),
	('1729222671794', '1729229981021'),
	('1729222671875', '1729229980977'),
	('1729222671796', '1729229980953'),
	('1729222671775', '1729229980977'),
	('1729222671873', '1729229980899'),
	('1729222671881', '1729229980889'),
	('1729222671853', '1729229980885'),
	('1729222671881', '1729229981026'),
	('1729222671892', '1729229980902'),
	('1729222671777', '1729229980924'),
	('1729222671853', '1729229980957'),
	('1729222671819', '1729229980970'),
	('1729222671821', '1729229980997'),
	('1729222671772', '1729229980970'),
	('1729222671920', '1729229981031'),
	('1729222671918', '1729229981023'),
	('1729222671880', '1729229980976'),
	('1729222671803', '1729229980961'),
	('1729222671798', '1729229980932'),
	('1729222671863', '1729229980996'),
	('1729222671890', '1729229981012'),
	('1729222671911', '1729229980963'),
	('1729222671825', '1729229980943'),
	('1729222671793', '1729229981030'),
	('1729222671907', '1729229981021'),
	('1729222671862', '1729229981018'),
	('1729222671803', '1729229980957'),
	('1729222671876', '1729229980964'),
	('1729222671913', '1729229981011'),
	('1729222671816', '1729229981015'),
	('1729222671871', '1729229980953'),
	('1729222671812', '1729229980883'),
	('1729222671906', '1729229981025'),
	('1729222671826', '1729229980903'),
	('1729222671877', '1729229980897'),
	('1729222671776', '1729229980912'),
	('1729222671921', '1729229980912'),
	('1729222671878', '1729229980910'),
	('1729222671824', '1729229980953'),
	('1729222671885', '1729229980908'),
	('1729222671918', '1729229980884'),
	('1729222671801', '1729229980884'),
	('1729222671851', '1729229980935'),
	('1729222671805', '1729229980947'),
	('1729222671874', '1729229980956'),
	('1729222671830', '1729229980907'),
	('1729222671916', '1729229981033'),
	('1729222671917', '1729229981033'),
	('1729222671918', '1729229981033'),
	('1729222671919', '1729229981033'),
	('1729222671920', '1729229981033'),
	('1729222671921', '1729229981033');

INSERT INTO participarjuez (idevento, idolimpicoj) VALUES
	('1729232608306', '1730596144931'),
	('1729232608307', '1730596144833'),
	('1729232608308', '1730596144920'),
	('1729232608309', '1730596144848'),
	('1729232608310', '1730596144945'),
	('1729232608311', '1730596144924'),
	('1729232608312', '1730596144922'),
	('1729232608313', '1730596144770'),
	('1729232608314', '1730596144813'),
	('1729232608315', '1730596144792'),
	('1729232608316', '1730596144964'),
	('1729232608317', '1730596144886'),
	('1729232608318', '1730596144929'),
	('1729232608319', '1730596144863'),
	('1729232608320', '1730596144923'),
	('1729232608321', '1730596144846'),
	('1729232608322', '1730596144932'),
	('1729232608323', '1730596144879'),
	('1729232608324', '1730596144779'),
	('1729232608325', '1730596144776'),
	('1729232608326', '1730596144942'),
	('1729232608327', '1730596144790'),
	('1729232608328', '1730596144772'),
	('1729232608329', '1730596144877'),
	('1729232608330', '1730596144960'),
	('1729232608331', '1730596144857'),
	('1729232608332', '1730596144895'),
	('1729232608333', '1730596144940'),
	('1729232608334', '1730596144795'),
	('1729232608335', '1730596144837'),
	('1729232608336', '1730596144860'),
	('1729232608337', '1730596144824'),
	('1729232608338', '1730596144915'),
	('1729232608339', '1730596144811'),
	('1729232608340', '1730596144936'),
	('1729232608341', '1730596144799'),
	('1729232608342', '1730596144809'),
	('1729232608343', '1730596144899'),
	('1729232608344', '1730596144957'),
	('1729232608345', '1730596144832'),
	('1729232608346', '1730596144893'),
	('1729232608347', '1730596144897'),
	('1729232608348', '1730596144956'),
	('1729232608349', '1730596144883'),
	('1729232608350', '1730596144887'),
	('1729232608351', '1730596144784'),
	('1729232608352', '1730596144908'),
	('1729232608353', '1730596144821'),
	('1729232608354', '1730596144834'),
	('1729232608355', '1730596144814'),
	('1729232608356', '1730596144917'),
	('1729232608357', '1730596144892'),
	('1729232608358', '1730596144958'),
	('1729232608359', '1730596144894'),
	('1729232608360', '1730596144843'),
	('1729232608361', '1730596144782'),
	('1729232608362', '1730596144880'),
	('1729232608363', '1730596144838'),
	('1729232608364', '1730596144803'),
	('1729232608365', '1730596144786'),
	('1729232608366', '1730596144951'),
	('1729232608367', '1730596144781'),
	('1729232608368', '1730596144916'),
	('1729232608369', '1730596144885'),
	('1729232608370', '1730596144815'),
	('1729232608371', '1730596144911'),
	('1729232608372', '1730596144868'),
	('1729232608373', '1730596144822'),
	('1729232608374', '1730596144810'),
	('1729232608375', '1730596144769'),
	('1729232608376', '1730596144800'),
	('1729232608377', '1730596144850'),
	('1729232608378', '1730596144882'),
	('1729232608379', '1730596144827'),
	('1729232608380', '1730596144921'),
	('1729232608381', '1730596144853'),
	('1729232608382', '1730596144888'),
	('1729232608383', '1730596144896'),
	('1729232608384', '1730596144870'),
	('1729232608385', '1730596144851'),
	('1729232608386', '1730596144948'),
	('1729232608387', '1730596144963'),
	('1729232608388', '1730596144884'),
	('1729232608389', '1730596144865'),
	('1729232608390', '1730596144914'),
	('1729232608391', '1730596144901'),
	('1729232608392', '1730596144944'),
	('1729232608393', '1730596144774'),
	('1729232608394', '1730596144878'),
	('1729232608395', '1730596144943'),
	('1729232608396', '1730596144835'),
	('1729232608397', '1730596144900'),
	('1729232608398', '1730596144953'),
	('1729232608399', '1730596144855'),
	('1729232608400', '1730596144826'),
	('1729232608401', '1730596144802'),
	('1729232608402', '1730596144793'),
	('1729232608403', '1730596144962'),
	('1729232608404', '1730596144876'),
	('1729232608405', '1730596144771'),
	('1729232608406', '1730596144773'),
	('1729232608407', '1730596144808'),
	('1729232608408', '1730596144796'),
	('1729232608409', '1730596144902'),
	('1729232608410', '1730596144801'),
	('1729232608411', '1730596144946'),
	('1729232608412', '1730596144794'),
	('1729232608413', '1730596144812'),
	('1729232608414', '1730596144881'),
	('1729232608415', '1730596144852'),
	('1729232608416', '1730596144842'),
	('1729232608417', '1730596144788'),
	('1729232608418', '1730596144866'),
	('1729232608419', '1730596144966'),
	('1729232608420', '1730596144947'),
	('1729232608421', '1730596144871'),
	('1729232608422', '1730596144910'),
	('1729232608423', '1730596144904'),
	('1729232608424', '1730596144874'),
	('1729232608425', '1730596144949'),
	('1729232608426', '1730596144959'),
	('1729232608427', '1730596144805'),
	('1729232608428', '1730596144818'),
	('1729232608429', '1730596144768'),
	('1729232608430', '1730596144856'),
	('1729232608431', '1730596144858'),
	('1729232608432', '1730596144836'),
	('1729232608433', '1730596144819'),
	('1729232608434', '1730596144831'),
	('1729232608435', '1730596144939'),
	('1729232608436', '1730596144841'),
	('1729232608437', '1730596144844'),
	('1729232608438', '1730596144889'),
	('1729232608439', '1730596144847'),
	('1729232608440', '1730596144867'),
	('1729232608441', '1730596144797'),
	('1729232608442', '1730596144785'),
	('1729232608443', '1730596144854'),
	('1729232608444', '1730596144875'),
	('1729232608445', '1730596144864'),
	('1729232608446', '1730596144937'),
	('1729232608447', '1730596144859'),
	('1729232608448', '1730596144913'),
	('1729232608449', '1730596144890'),
	('1729232608450', '1730596144906'),
	('1729232608451', '1730596144925'),
	('1729232608452', '1730596144961'),
	('1729232608453', '1730596144775'),
	('1729232608454', '1730596144912'),
	('1729232608455', '1730596144872');

INSERT INTO trabajarjuez (idolimpicoj, iddisciplina) VALUES
	('1730596144931', '1729229980883'),
	('1730596144833', '1729229980884'),
	('1730596144920', '1729229980885'),
	('1730596144848', '1729229980886'),
	('1730596144945', '1729229980887'),
	('1730596144924', '1729229980888'),
	('1730596144922', '1729229980889'),
	('1730596144770', '1729229980890'),
	('1730596144813', '1729229980891'),
	('1730596144792', '1729229980892'),
	('1730596144964', '1729229980893'),
	('1730596144886', '1729229980894'),
	('1730596144929', '1729229980895'),
	('1730596144863', '1729229980896'),
	('1730596144923', '1729229980897'),
	('1730596144846', '1729229980898'),
	('1730596144932', '1729229980899'),
	('1730596144879', '1729229980900'),
	('1730596144779', '1729229980901'),
	('1730596144776', '1729229980902'),
	('1730596144942', '1729229980903'),
	('1730596144790', '1729229980904'),
	('1730596144772', '1729229980905'),
	('1730596144877', '1729229980906'),
	('1730596144960', '1729229980907'),
	('1730596144857', '1729229980908'),
	('1730596144895', '1729229980909'),
	('1730596144940', '1729229980910'),
	('1730596144795', '1729229980911'),
	('1730596144837', '1729229980912'),
	('1730596144860', '1729229980913'),
	('1730596144824', '1729229980914'),
	('1730596144915', '1729229980915'),
	('1730596144811', '1729229980916'),
	('1730596144936', '1729229980917'),
	('1730596144799', '1729229980918'),
	('1730596144809', '1729229980919'),
	('1730596144899', '1729229980920'),
	('1730596144957', '1729229980921'),
	('1730596144832', '1729229980922'),
	('1730596144893', '1729229980923'),
	('1730596144897', '1729229980924'),
	('1730596144956', '1729229980925'),
	('1730596144883', '1729229980926'),
	('1730596144887', '1729229980927'),
	('1730596144784', '1729229980928'),
	('1730596144908', '1729229980929'),
	('1730596144821', '1729229980930'),
	('1730596144834', '1729229980931'),
	('1730596144814', '1729229980932'),
	('1730596144917', '1729229980933'),
	('1730596144892', '1729229980934'),
	('1730596144958', '1729229980935'),
	('1730596144894', '1729229980936'),
	('1730596144843', '1729229980937'),
	('1730596144782', '1729229980938'),
	('1730596144880', '1729229980939'),
	('1730596144838', '1729229980940'),
	('1730596144803', '1729229980941'),
	('1730596144786', '1729229980942'),
	('1730596144951', '1729229980943'),
	('1730596144781', '1729229980944'),
	('1730596144916', '1729229980945'),
	('1730596144885', '1729229980946'),
	('1730596144815', '1729229980947'),
	('1730596144911', '1729229980948'),
	('1730596144868', '1729229980949'),
	('1730596144822', '1729229980950'),
	('1730596144810', '1729229980951'),
	('1730596144769', '1729229980952'),
	('1730596144800', '1729229980953'),
	('1730596144850', '1729229980954'),
	('1730596144882', '1729229980955'),
	('1730596144827', '1729229980956'),
	('1730596144921', '1729229980957'),
	('1730596144853', '1729229980958'),
	('1730596144888', '1729229980959'),
	('1730596144896', '1729229980960'),
	('1730596144870', '1729229980961'),
	('1730596144851', '1729229980962'),
	('1730596144948', '1729229980963'),
	('1730596144963', '1729229980964'),
	('1730596144884', '1729229980965'),
	('1730596144865', '1729229980966'),
	('1730596144914', '1729229980967'),
	('1730596144901', '1729229980968'),
	('1730596144944', '1729229980969'),
	('1730596144774', '1729229980970'),
	('1730596144878', '1729229980971'),
	('1730596144943', '1729229980972'),
	('1730596144835', '1729229980973'),
	('1730596144900', '1729229980974'),
	('1730596144953', '1729229980975'),
	('1730596144855', '1729229980976'),
	('1730596144826', '1729229980977'),
	('1730596144802', '1729229980978'),
	('1730596144793', '1729229980979'),
	('1730596144962', '1729229980980'),
	('1730596144876', '1729229980981'),
	('1730596144771', '1729229980982'),
	('1730596144773', '1729229980983'),
	('1730596144808', '1729229980984'),
	('1730596144796', '1729229980985'),
	('1730596144902', '1729229980986'),
	('1730596144801', '1729229980987'),
	('1730596144946', '1729229980988'),
	('1730596144794', '1729229980989'),
	('1730596144812', '1729229980990'),
	('1730596144881', '1729229980991'),
	('1730596144852', '1729229980992'),
	('1730596144842', '1729229980993'),
	('1730596144788', '1729229980994'),
	('1730596144866', '1729229980995'),
	('1730596144966', '1729229980996'),
	('1730596144947', '1729229980997'),
	('1730596144871', '1729229980998'),
	('1730596144910', '1729229980999'),
	('1730596144904', '1729229981000'),
	('1730596144874', '1729229981001'),
	('1730596144949', '1729229981002'),
	('1730596144959', '1729229981003'),
	('1730596144805', '1729229981004'),
	('1730596144818', '1729229981005'),
	('1730596144768', '1729229981006'),
	('1730596144856', '1729229981007'),
	('1730596144858', '1729229981008'),
	('1730596144836', '1729229981009'),
	('1730596144819', '1729229981010'),
	('1730596144831', '1729229981011'),
	('1730596144939', '1729229981012'),
	('1730596144841', '1729229981013'),
	('1730596144844', '1729229981014'),
	('1730596144889', '1729229981015'),
	('1730596144847', '1729229981016'),
	('1730596144867', '1729229981017'),
	('1730596144797', '1729229981018'),
	('1730596144785', '1729229981019'),
	('1730596144854', '1729229981020'),
	('1730596144875', '1729229981021'),
	('1730596144864', '1729229981022'),
	('1730596144937', '1729229981023'),
	('1730596144859', '1729229981024'),
	('1730596144913', '1729229981025'),
	('1730596144890', '1729229981026'),
	('1730596144906', '1729229981027'),
	('1730596144925', '1729229981028'),
	('1730596144961', '1729229981029'),
	('1730596144775', '1729229981030'),
	('1730596144912', '1729229981031'),
	('1730596144872', '1729229981032');

INSERT INTO medalla (idmedalla, iddisciplina, idolimpicoa, lugar) VALUES
	('1730610070067', '1729229980885', '1729225212936', '3'),
	('1730610070068', '1729229980986', '1729225212922', '1'),
	('1730610070069', '1729229980987', '1729225213008', '2'),
	('1730610070070', '1729229980941', '1729225212980', '2'),
	('1730610070071', '1729229980932', '1729225213034', '3'),
	('1730610070072', '1729229980908', '1729225212987', '2'),
	('1730610070073', '1729229980933', '1729225213029', '3'),
	('1730610070074', '1729229980963', '1729225213061', '3'),
	('1730610070075', '1729229980957', '1729225212949', '3'),
	('1730610070076', '1729229980905', '1729225212969', '1'),
	('1730610070077', '1729229980919', '1729225212992', '3'),
	('1730610070078', '1729229980961', '1729225213051', '1'),
	('1730610070079', '1729229980989', '1729225213036', '2'),
	('1730610070080', '1729229980947', '1729225212943', '3'),
	('1730610070081', '1729229980977', '1729225212925', '1'),
	('1730610070082', '1729229980921', '1729225212955', '3'),
	('1730610070083', '1729229980959', '1729225212975', '3'),
	('1730610070084', '1729229980956', '1729225212951', '1'),
	('1730610070085', '1729229980950', '1729225212947', '3'),
	('1730610070086', '1729229980921', '1729225213024', '3'),
	('1730610070087', '1729229980949', '1729225212991', '1'),
	('1730610070088', '1729229980979', '1729225212971', '1'),
	('1730610070089', '1729229981021', '1729225212944', '2'),
	('1730610070090', '1729229980985', '1729225212971', '1'),
	('1730610070091', '1729229980946', '1729225212931', '2'),
	('1730610070092', '1729229980883', '1729225213037', '2'),
	('1730610070093', '1729229980933', '1729225212945', '1'),
	('1730610070094', '1729229980908', '1729225212983', '2'),
	('1730610070095', '1729229980892', '1729225212988', '1'),
	('1730610070096', '1729229980992', '1729225212988', '1'),
	('1730610070097', '1729229981003', '1729225213040', '3'),
	('1730610070098', '1729229980955', '1729225212997', '2'),
	('1730610070099', '1729229980997', '1729225212971', '2'),
	('1730610070100', '1729229980938', '1729225212957', '2'),
	('1730610070101', '1729229981018', '1729225212927', '2'),
	('1730610070102', '1729229980991', '1729225212995', '3'),
	('1730610070103', '1729229980979', '1729225212946', '2'),
	('1730610070104', '1729229981019', '1729225212991', '3'),
	('1730610070105', '1729229981013', '1729225213006', '1'),
	('1730610070106', '1729229980969', '1729225212924', '1'),
	('1730610070107', '1729229980994', '1729225213053', '2'),
	('1730610070108', '1729229980885', '1729225212982', '2'),
	('1730610070109', '1729229981015', '1729225212962', '2'),
	('1730610070110', '1729229980895', '1729225212931', '2'),
	('1730610070111', '1729229980909', '1729225212928', '2'),
	('1730610070112', '1729229980912', '1729225212994', '3'),
	('1730610070113', '1729229980947', '1729225212955', '1'),
	('1730610070114', '1729229980949', '1729225213040', '3'),
	('1730610070115', '1729229981026', '1729225212967', '3'),
	('1730610070116', '1729229980888', '1729225212997', '2'),
	('1730610070117', '1729229980889', '1729225213031', '1'),
	('1730610070118', '1729229980985', '1729225213002', '3'),
	('1730610070119', '1729229980975', '1729225212987', '2'),
	('1730610070120', '1729229980924', '1729225212927', '3'),
	('1730610070121', '1729229980975', '1729225213070', '1'),
	('1730610070122', '1729229980970', '1729225212969', '1'),
	('1730610070123', '1729229980953', '1729225213021', '1'),
	('1730610070124', '1729229980884', '1729225213068', '2'),
	('1730610070125', '1729229981012', '1729225213068', '3'),
	('1730610070126', '1729229981012', '1729225213040', '1'),
	('1730610070127', '1729229981031', '1729225213070', '2'),
	('1730610070128', '1729229980920', '1729225212983', '3'),
	('1730610070129', '1729229980938', '1729225213033', '2'),
	('1730610070130', '1729229980897', '1729225213062', '3'),
	('1730610070131', '1729229980954', '1729225213006', '3'),
	('1730610070132', '1729229980917', '1729225212971', '1'),
	('1730610070133', '1729229981029', '1729225213051', '3'),
	('1730610070134', '1729229980977', '1729225212935', '1'),
	('1730610070135', '1729229980994', '1729225212945', '1'),
	('1730610070136', '1729229981030', '1729225212943', '2'),
	('1730610070137', '1729229980928', '1729225212945', '2'),
	('1730610070138', '1729229980906', '1729225213008', '1'),
	('1730610070139', '1729229980935', '1729225213011', '3'),
	('1730610070140', '1729229981024', '1729225213036', '1'),
	('1730610070141', '1729229980893', '1729225212926', '3'),
	('1730610070142', '1729229980911', '1729225213066', '1'),
	('1730610070143', '1729229980976', '1729225212990', '2'),
	('1730610070144', '1729229981031', '1729225213065', '3'),
	('1730610070145', '1729229980953', '1729225212946', '1'),
	('1730610070146', '1729229981015', '1729225212966', '2'),
	('1730610070147', '1729229981024', '1729225212985', '2'),
	('1730610070148', '1729229980935', '1729225213001', '3'),
	('1730610070149', '1729229980987', '1729225212988', '3'),
	('1730610070150', '1729229980884', '1729225212937', '3'),
	('1730610070151', '1729229981029', '1729225213070', '1'),
	('1730610070152', '1729229980953', '1729225213025', '3'),
	('1730610070153', '1729229980891', '1729225213023', '2'),
	('1730610070154', '1729229980939', '1729225213055', '3'),
	('1730610070155', '1729229980927', '1729225212936', '2'),
	('1730610070156', '1729229980885', '1729225212976', '3'),
	('1730610070157', '1729229980903', '1729225212944', '2'),
	('1730610070158', '1729229981012', '1729225213043', '1'),
	('1730610070159', '1729229980883', '1729225213065', '2'),
	('1730610070160', '1729229980935', '1729225212956', '1'),
	('1730610070161', '1729229980985', '1729225212923', '1'),
	('1730610070162', '1729229980899', '1729225213023', '1'),
	('1730610070163', '1729229980957', '1729225213037', '3'),
	('1730610070164', '1729229981015', '1729225212928', '1'),
	('1730610070165', '1729229980905', '1729225213011', '2'),
	('1730610070166', '1729229980885', '1729225213003', '2'),
	('1730610070167', '1729229980979', '1729225212946', '2'),
	('1730610070168', '1729229980910', '1729225213028', '3'),
	('1730610070169', '1729229981009', '1729225212925', '2'),
	('1730610070170', '1729229980959', '1729225212937', '2'),
	('1730610070171', '1729229981010', '1729225213006', '2'),
	('1730610070172', '1729229980903', '1729225212976', '2'),
	('1730610070173', '1729229980909', '1729225212946', '2'),
	('1730610070174', '1729229980992', '1729225212997', '1'),
	('1730610070175', '1729229980954', '1729225213026', '1'),
	('1730610070176', '1729229980957', '1729225212998', '1'),
	('1730610070177', '1729229980913', '1729225213019', '3'),
	('1730610070178', '1729229981015', '1729225213042', '1'),
	('1730610070179', '1729229980929', '1729225212945', '3'),
	('1730610070180', '1729229981022', '1729225213034', '2'),
	('1730610070181', '1729229980993', '1729225212935', '3'),
	('1730610070182', '1729229980998', '1729225213022', '3'),
	('1730610070183', '1729229980902', '1729225213042', '1'),
	('1730610070184', '1729229980970', '1729225212961', '2'),
	('1730610070185', '1729229980912', '1729225213071', '2'),
	('1730610070186', '1729229981026', '1729225213030', '2'),
	('1730610070187', '1729229980916', '1729225213019', '1'),
	('1730610070188', '1729229981011', '1729225213063', '1'),
	('1730610070189', '1729229980912', '1729225212926', '1'),
	('1730610070190', '1729229980907', '1729225212980', '1'),
	('1730610070191', '1729229980932', '1729225212948', '2'),
	('1730610070192', '1729229980896', '1729225212996', '2'),
	('1730610070193', '1729229980984', '1729225212922', '3'),
	('1730610070194', '1729229981026', '1729225213028', '2'),
	('1730610070195', '1729229980913', '1729225213058', '3'),
	('1730610070196', '1729229980957', '1729225212953', '3'),
	('1730610070197', '1729229980982', '1729225212992', '1'),
	('1730610070198', '1729229981012', '1729225212937', '2'),
	('1730610070199', '1729229980897', '1729225213027', '1'),
	('1730610070200', '1729229980957', '1729225213003', '2'),
	('1730610070201', '1729229980972', '1729225212925', '2'),
	('1730610070202', '1729229980926', '1729225212949', '1'),
	('1730610070203', '1729229981007', '1729225213049', '1'),
	('1730610070204', '1729229980910', '1729225212976', '3'),
	('1730610070205', '1729229980908', '1729225213035', '2'),
	('1730610070206', '1729229980899', '1729225213023', '3'),
	('1730610070207', '1729229980935', '1729225212945', '2'),
	('1730610070208', '1729229980964', '1729225213026', '2'),
	('1730610070209', '1729229980905', '1729225212928', '1'),
	('1730610070210', '1729229980884', '1729225212951', '1'),
	('1730610070211', '1729229980976', '1729225213030', '1'),
	('1730610070212', '1729229980974', '1729225213037', '2'),
	('1730610070213', '1729229981000', '1729225213043', '3'),
	('1730610070214', '1729229980925', '1729225213011', '3'),
	('1730610070215', '1729229980946', '1729225212948', '1'),
	('1730610070216', '1729229981023', '1729225213068', '1'),
	('1730610070217', '1729229981033', '1729225213066', '1'),
	('1730610070218', '1729229981033', '1729225213067', '2'),
	('1730610070219', '1729229981033', '1729225213068', '3'),
	('1730610070220', '1729229981033', '1729225213069', '1'),
	('1730610070221', '1729229981033', '1729225213070', '2');

INSERT INTO telefonoatleta (idolimpicoa, telefono) VALUES
	('1729225212950', '1103757560'),
	('1729225212937', '7365220841'),
	('1729225212969', '2569832076'),
	('1729225212976', '8658576918'),
	('1729225213007', '5029708728'),
	('1729225213060', '3583477009'),
	('1729225213025', '8683142824'),
	('1729225212924', '4768143964'),
	('1729225213007', '4351713988'),
	('1729225212963', '1238022275'),
	('1729225212959', '7448602017'),
	('1729225213045', '1426879425'),
	('1729225212935', '9887609354'),
	('1729225213068', '1802432763'),
	('1729225212983', '2293700525'),
	('1729225212953', '8282013387'),
	('1729225212965', '8037750452'),
	('1729225212932', '3457502991'),
	('1729225213017', '4973695421'),
	('1729225213064', '8373939718'),
	('1729225212970', '6764924358'),
	('1729225213066', '9704381733'),
	('1729225212949', '1567096642'),
	('1729225213064', '6615818597'),
	('1729225212978', '1474648028'),
	('1729225213050', '9799732168'),
	('1729225213024', '6644527522'),
	('1729225212964', '1638946021'),
	('1729225212956', '3143770362'),
	('1729225213071', '3527167160'),
	('1729225212952', '2427393954'),
	('1729225212959', '2792743119'),
	('1729225212965', '6237926784'),
	('1729225212937', '7419321711'),
	('1729225212969', '6976013613'),
	('1729225212974', '7056581804'),
	('1729225212926', '2146370308'),
	('1729225213048', '9356605923'),
	('1729225213042', '1101947866'),
	('1729225213002', '8947540506'),
	('1729225212937', '1148854929'),
	('1729225212943', '5238963192'),
	('1729225212992', '7528636260'),
	('1729225212959', '7418176190'),
	('1729225213014', '4458909665'),
	('1729225212969', '4057507331'),
	('1729225212991', '1592910767'),
	('1729225213036', '6063970418'),
	('1729225213024', '9526711951'),
	('1729225213063', '6089293999'),
	('1729225212938', '3733294731'),
	('1729225212922', '4029100710'),
	('1729225213054', '6116267528'),
	('1729225213038', '9009462181'),
	('1729225212977', '1308027741'),
	('1729225212940', '4607540856'),
	('1729225213005', '9409417452'),
	('1729225213007', '9346008769'),
	('1729225212966', '3476819136'),
	('1729225212941', '4877803312'),
	('1729225212986', '5399427303'),
	('1729225212960', '7751159673'),
	('1729225213028', '2493126707'),
	('1729225213037', '1881824746'),
	('1729225213003', '6228010134'),
	('1729225213056', '2156037460'),
	('1729225213010', '2486401200'),
	('1729225212986', '1622512523'),
	('1729225213056', '4245113623'),
	('1729225212985', '7588893077'),
	('1729225212945', '5981315371'),
	('1729225212991', '1722443450'),
	('1729225212937', '3198953456'),
	('1729225213021', '5876813497'),
	('1729225213049', '1171771297'),
	('1729225212987', '2641832645'),
	('1729225212983', '6196434134'),
	('1729225212988', '5879419700'),
	('1729225212926', '7915621170'),
	('1729225213012', '6989739509'),
	('1729225212986', '9782561975'),
	('1729225212932', '7126302747'),
	('1729225212982', '3683305308'),
	('1729225213066', '1127073417'),
	('1729225212938', '2794204989'),
	('1729225212931', '2094743669'),
	('1729225213006', '3502428390'),
	('1729225212983', '6508957987'),
	('1729225212995', '1373696661'),
	('1729225212998', '1946491760'),
	('1729225212932', '7705740277'),
	('1729225213065', '9196238727'),
	('1729225212999', '4617250559'),
	('1729225212959', '5249779323'),
	('1729225212985', '6236303678'),
	('1729225213004', '5599896137'),
	('1729225212981', '4582124493'),
	('1729225213001', '8947543267'),
	('1729225213034', '9417723316'),
	('1729225213031', '8288975392'),
	('1729225213038', '6667253479'),
	('1729225213052', '4565852425'),
	('1729225212970', '1816896964'),
	('1729225213033', '3192915009'),
	('1729225212951', '5718128509'),
	('1729225212950', '7246107751'),
	('1729225213040', '3249813118'),
	('1729225212937', '2682329767'),
	('1729225212980', '3279245484'),
	('1729225212982', '1811848455'),
	('1729225212992', '6079706319'),
	('1729225213028', '3974932087'),
	('1729225213046', '1088960449'),
	('1729225213050', '4587819750'),
	('1729225212977', '6635716193'),
	('1729225213027', '3537620229'),
	('1729225212933', '8782008258'),
	('1729225213002', '7706798559'),
	('1729225212994', '1884873596'),
	('1729225212993', '9124137728'),
	('1729225212981', '1268580984'),
	('1729225212998', '2251645745'),
	('1729225213001', '6575930931'),
	('1729225213046', '7044379245'),
	('1729225213029', '2957436110'),
	('1729225213057', '4474770933'),
	('1729225213009', '8796032216'),
	('1729225213047', '1685813646'),
	('1729225213022', '6061254702'),
	('1729225212935', '3183433528'),
	('1729225213011', '3397665959'),
	('1729225213051', '1926063759'),
	('1729225212928', '3751207461'),
	('1729225213040', '3941482811'),
	('1729225213055', '8809686549'),
	('1729225212947', '9768253578'),
	('1729225212929', '1162860541'),
	('1729225212937', '6603252192'),
	('1729225212964', '2671066937'),
	('1729225213003', '7166477180'),
	('1729225213028', '3633993497'),
	('1729225212951', '3712027654'),
	('1729225212969', '1159456469'),
	('1729225213068', '5556602253'),
	('1729225213024', '4949317034'),
	('1729225213000', '8849514000'),
	('1729225212990', '3925337964'),
	('1729225213006', '2075370255'),
	('1729225213049', '4464632807'),
	('1729225213027', '3139117997'),
	('1729225213059', '9348424346'),
	('1729225212942', '4149561832'),
	('1729225212946', '6217640577'),
	('1729225212986', '8087720374'),
	('1729225212974', '5821440929'),
	('1729225213069', '1571853907'),
	('1729225213019', '7109554292'),
	('1729225213047', '3053147339'),
	('1729225212949', '9144549474'),
	('1729225213009', '2604862521'),
	('1729225213015', '1013651054'),
	('1729225213044', '7185125829'),
	('1729225213066', '8495571364'),
	('1729225213039', '3357367711'),
	('1729225213031', '6261387505'),
	('1729225213057', '9225709567'),
	('1729225212994', '4037997682'),
	('1729225213038', '9594347771'),
	('1729225213042', '9087531947'),
	('1729225213048', '9101082866'),
	('1729225212958', '4811728608'),
	('1729225212993', '7083735949'),
	('1729225212944', '1081920453'),
	('1729225212935', '3318627384'),
	('1729225213005', '1004017202'),
	('1729225212951', '6026952258'),
	('1729225212975', '6225869380'),
	('1729225212978', '2415664870'),
	('1729225212982', '4524184988'),
	('1729225212998', '9352654965'),
	('1729225213033', '6323032065'),
	('1729225213053', '4508185384'),
	('1729225213000', '4363298618'),
	('1729225213050', '8431876414'),
	('1729225213069', '9462394914'),
	('1729225212942', '9223653185'),
	('1729225213013', '6192579901'),
	('1729225213059', '4679089193'),
	('1729225213049', '4878113773'),
	('1729225212939', '7139994215'),
	('1729225212973', '9912576247'),
	('1729225212933', '9126696225'),
	('1729225212936', '8779081974'),
	('1729225213038', '1854504658'),
	('1729225213030', '2181891975'),
	('1729225212940', '5747798538'),
	('1729225212950', '1056657156'),
	('1729225213025', '3921748969'),
	('1729225212945', '6321054193'),
	('1729225213038', '3324127526'),
	('1729225213047', '9297814946'),
	('1729225212994', '3027573467'),
	('1729225213063', '2436912588'),
	('1729225212969', '2978064449'),
	('1729225213036', '4101748314'),
	('1729225212926', '5275645004'),
	('1729225213020', '9444737192'),
	('1729225213040', '3243080204'),
	('1729225212939', '8183974223'),
	('1729225212959', '1238317216'),
	('1729225212974', '6232818928'),
	('1729225213053', '8354044283'),
	('1729225212939', '5628402781'),
	('1729225212963', '6756867339'),
	('1729225213025', '7421513736'),
	('1729225212994', '6035256987'),
	('1729225212967', '1869809975'),
	('1729225212943', '5613703176'),
	('1729225212944', '6574294770'),
	('1729225213047', '6894441082'),
	('1729225212959', '7415647360'),
	('1729225212948', '4022785419'),
	('1729225213015', '7098278179'),
	('1729225212951', '1203716430'),
	('1729225213013', '1474463442'),
	('1729225213031', '5716409350'),
	('1729225212948', '9769304972'),
	('1729225213011', '4477071443'),
	('1729225212937', '6597105319'),
	('1729225212950', '8804830141'),
	('1729225212952', '2025629164'),
	('1729225212989', '6503777479'),
	('1729225213052', '7234594000'),
	('1729225212940', '8282331828'),
	('1729225213023', '3226420791'),
	('1729225212997', '8965165300'),
	('1729225212975', '1044910797'),
	('1729225212977', '4262373751'),
	('1729225212992', '4804280781'),
	('1729225213022', '8774993339'),
	('1729225212965', '5673017459'),
	('1729225212949', '2099231943'),
	('1729225212960', '2288024472'),
	('1729225212951', '1288348805'),
	('1729225213058', '1989632726'),
	('1729225213008', '4537998193'),
	('1729225212956', '7392531224'),
	('1729225212923', '1464092812'),
	('1729225213018', '7019866877'),
	('1729225212969', '5304057613'),
	('1729225213061', '4536554408'),
	('1729225212974', '5098041185'),
	('1729225212948', '2696494010'),
	('1729225213003', '7919887173'),
	('1729225212935', '4136951667'),
	('1729225213070', '5548847459'),
	('1729225213064', '2746635573'),
	('1729225212930', '4104773225'),
	('1729225213052', '5326943098'),
	('1729225213059', '7382140974'),
	('1729225213018', '4002554511'),
	('1729225212931', '7129108023'),
	('1729225212973', '5606781275'),
	('1729225213047', '9775487349'),
	('1729225213061', '9731746921'),
	('1729225213052', '2051828720'),
	('1729225213060', '9077211232'),
	('1729225212974', '6791323665'),
	('1729225213028', '9148048451'),
	('1729225213013', '5499097814'),
	('1729225213054', '2624287015'),
	('1729225213010', '5976650484'),
	('1729225212936', '8825255206'),
	('1729225212931', '4631728408'),
	('1729225212993', '5571715826'),
	('1729225212925', '4871279895'),
	('1729225212961', '6461288447'),
	('1729225213057', '3102134836'),
	('1729225213012', '4083148148'),
	('1729225212922', '6871381618'),
	('1729225212981', '6229915859'),
	('1729225213049', '5168306648'),
	('1729225212974', '3223549302'),
	('1729225213029', '2827624342'),
	('1729225213000', '8406099521'),
	('1729225213001', '6791870605'),
	('1729225212960', '6701050352'),
	('1729225212967', '3918712360'),
	('1729225212944', '5859046337'),
	('1729225212946', '3633622780'),
	('1729225212986', '6511935891'),
	('1729225212987', '6489249741'),
	('1729225213050', '3331866558'),
	('1729225212981', '5262011067'),
	('1729225213034', '1489849170'),
	('1729225213055', '4935682047'),
	('1729225213009', '6907843453'),
	('1729225212993', '3763226637'),
	('1729225213036', '5248508670'),
	('1729225213004', '5767455842'),
	('1729225213008', '2788918769'),
	('1729225213067', '6065175299'),
	('1729225212948', '5863145671'),
	('1729225212969', '3892584064'),
	('1729225212948', '3038758621'),
	('1729225212933', '2995943732'),
	('1729225212995', '4595329505'),
	('1729225212990', '5958961537'),
	('1729225212960', '2184480916'),
	('1729225213038', '9747061685'),
	('1729225212925', '1955402003'),
	('1729225212943', '6824513124'),
	('1729225212937', '2606132364'),
	('1729225213008', '9894661557'),
	('1729225213006', '8218933386'),
	('1729225212957', '6687114078'),
	('1729225213031', '8338695911'),
	('1729225212951', '2277789176'),
	('1729225213030', '2391360171'),
	('1729225212927', '1354387180'),
	('1729225212998', '9465093166'),
	('1729225212986', '6396942668'),
	('1729225213028', '7107608469'),
	('1729225213042', '2133033871'),
	('1729225212999', '1352207515'),
	('1729225213023', '1424206118'),
	('1729225212947', '5999616234'),
	('1729225213051', '5484404441'),
	('1729225212938', '1905043185'),
	('1729225213056', '1503179055'),
	('1729225213067', '3705111695'),
	('1729225213030', '5713927088'),
	('1729225213014', '6354170559'),
	('1729225213026', '7502863173'),
	('1729225212926', '5185544233'),
	('1729225212993', '2239521390'),
	('1729225212945', '9154355656'),
	('1729225213027', '4979052012'),
	('1729225213048', '4859435949'),
	('1729225212942', '1257820531'),
	('1729225213065', '6495274967'),
	('1729225212934', '2635299930'),
	('1729225212986', '9203133820'),
	('1729225212929', '8945904013'),
	('1729225212971', '2823279009'),
	('1729225213028', '4649674824'),
	('1729225212974', '8015771232'),
	('1729225213027', '5437538050'),
	('1729225212970', '8336204559'),
	('1729225212996', '4901660506'),
	('1729225213039', '9198580460'),
	('1729225213055', '9295822294'),
	('1729225213059', '6635964564'),
	('1729225212935', '9153662207'),
	('1729225213064', '8017455409'),
	('1729225212995', '4674617172'),
	('1729225213004', '5439171742'),
	('1729225212971', '4418651475'),
	('1729225213041', '1375979105'),
	('1729225213041', '3393355484'),
	('1729225213051', '7207684026'),
	('1729225212957', '8166337014'),
	('1729225212987', '6813229138'),
	('1729225213020', '8867318936'),
	('1729225213053', '2912306425'),
	('1729225212935', '8063735105'),
	('1729225213042', '1626739919'),
	('1729225213000', '6836683043'),
	('1729225212924', '1301059736'),
	('1729225212954', '5671242561'),
	('1729225212987', '7636181205'),
	('1729225213048', '2064377748'),
	('1729225213033', '8164277271'),
	('1729225212963', '5567304017'),
	('1729225212997', '2686608474'),
	('1729225212982', '2584788283'),
	('1729225213003', '1468030778'),
	('1729225212995', '4323528850'),
	('1729225213007', '2316821717'),
	('1729225212983', '5756093086'),
	('1729225213039', '3969334872'),
	('1729225212948', '8432445071'),
	('1729225213058', '6453390391'),
	('1729225212925', '2147884982'),
	('1729225213067', '8071012801'),
	('1729225212954', '8322583282'),
	('1729225213031', '2873289931'),
	('1729225213021', '8482238171'),
	('1729225212939', '9749420939'),
	('1729225213011', '9233829221'),
	('1729225212972', '8168362822'),
	('1729225213034', '9355876538'),
	('1729225212933', '5693244116'),
	('1729225213003', '9942877345'),
	('1729225213003', '6214994443'),
	('1729225213058', '9266097323'),
	('1729225213037', '1186470882'),
	('1729225212950', '3556538174'),
	('1729225212930', '1382795405'),
	('1729225212954', '3432606198'),
	('1729225212926', '2857962264'),
	('1729225212999', '1914112759'),
	('1729225213053', '3107138554'),
	('1729225213013', '5667912350'),
	('1729225213059', '5834835206'),
	('1729225213055', '3538087336'),
	('1729225213064', '8219753425'),
	('1729225212930', '9239248653'),
	('1729225213010', '5982134473'),
	('1729225213036', '1417558127'),
	('1729225212995', '7249408290'),
	('1729225212945', '8475009410'),
	('1729225213047', '3266685509'),
	('1729225213020', '8955367044'),
	('1729225213068', '5344543268'),
	('1729225212942', '7934378279'),
	('1729225212926', '6076035987'),
	('1729225212972', '9852632780'),
	('1729225212984', '9941783508'),
	('1729225212959', '4523357803'),
	('1729225213044', '5893500687'),
	('1729225213052', '2384790037'),
	('1729225212982', '6433643624'),
	('1729225212955', '3166265450'),
	('1729225213014', '8365802578'),
	('1729225212953', '2017533593'),
	('1729225212946', '4496894716'),
	('1729225212926', '9173118635'),
	('1729225212996', '4664933609'),
	('1729225212994', '4052557491'),
	('1729225213032', '4315179633'),
	('1729225212993', '4382605963'),
	('1729225212985', '2501444175'),
	('1729225212922', '8344340643'),
	('1729225212928', '6876523764'),
	('1729225213021', '6827468965'),
	('1729225213012', '6821142679'),
	('1729225213043', '6956609880'),
	('1729225213052', '5225665396'),
	('1729225212924', '1555184661'),
	('1729225213024', '8392482783'),
	('1729225212981', '9486863740'),
	('1729225213020', '7941908249'),
	('1729225213031', '6088104561'),
	('1729225213049', '7569688258'),
	('1729225212995', '7369382958'),
	('1729225213061', '2682259495'),
	('1729225212968', '2365014349'),
	('1729225212953', '1144182558'),
	('1729225212967', '8786313370'),
	('1729225212975', '5611623293'),
	('1729225212936', '2677692610'),
	('1729225212934', '7288804533'),
	('1729225212976', '8806279179'),
	('1729225212935', '9037234778'),
	('1729225212989', '4093087305'),
	('1729225213017', '3437409186'),
	('1729225213057', '9621687685'),
	('1729225213055', '2602508837'),
	('1729225213014', '9741678462'),
	('1729225212961', '6389335662'),
	('1729225212999', '9534715532'),
	('1729225213062', '2642096713'),
	('1729225212985', '3153003675'),
	('1729225213020', '6339049733'),
	('1729225212980', '3177994200'),
	('1729225212950', '7827378829'),
	('1729225212936', '1576500019'),
	('1729225213021', '8245529984'),
	('1729225213010', '7292960633'),
	('1729225213066', '7606529882'),
	('1729225212938', '1638223277'),
	('1729225213060', '7884785559'),
	('1729225213051', '4616236927'),
	('1729225213026', '5168933918'),
	('1729225213002', '4787430483'),
	('1729225212964', '1398734495'),
	('1729225212996', '2302836734'),
	('1729225212923', '2112639094'),
	('1729225212964', '1746275646'),
	('1729225212952', '7472850808'),
	('1729225213064', '6322461921'),
	('1729225213024', '1841028566'),
	('1729225213048', '3089857756'),
	('1729225213021', '9166476371'),
	('1729225213021', '7023432883'),
	('1729225213060', '1232166540'),
	('1729225212991', '7795168588'),
	('1729225212981', '1277752071'),
	('1729225213019', '4114505645'),
	('1729225213022', '4276034074'),
	('1729225213021', '5674287395'),
	('1729225212984', '6246234568'),
	('1729225212967', '3342641956'),
	('1729225212984', '5969339922'),
	('1729225213037', '9851988111'),
	('1729225212937', '6918069311'),
	('1729225213043', '5703553823'),
	('1729225213029', '1989334394'),
	('1729225213005', '6351122401');

INSERT INTO telefonoentrenador (idolimpicoe, telefono) VALUES
	('1729222671863', '3513382636'),
	('1729222671784', '1489658257'),
	('1729222671783', '6244614024'),
	('1729222671876', '9074977975'),
	('1729222671797', '6371545521'),
	('1729222671789', '2985018923'),
	('1729222671864', '6267071475'),
	('1729222671778', '9861407084'),
	('1729222671795', '6823915222'),
	('1729222671882', '9336904915'),
	('1729222671795', '2635698304'),
	('1729222671847', '5405485010'),
	('1729222671802', '3989907880'),
	('1729222671813', '9992831482'),
	('1729222671885', '3536504432'),
	('1729222671849', '8925451683'),
	('1729222671816', '3715001034'),
	('1729222671822', '2713880574'),
	('1729222671804', '6108734686'),
	('1729222671872', '2872754130'),
	('1729222671844', '2086134815'),
	('1729222671813', '3355690254'),
	('1729222671859', '4611240428'),
	('1729222671828', '9696667362'),
	('1729222671828', '1623770619'),
	('1729222671839', '8393386769'),
	('1729222671825', '3934312755'),
	('1729222671825', '8047839978'),
	('1729222671786', '6221784152'),
	('1729222671866', '6017171786'),
	('1729222671826', '8124676807'),
	('1729222671815', '4292090069'),
	('1729222671827', '6739883365'),
	('1729222671834', '5219722731'),
	('1729222671915', '6625228921'),
	('1729222671912', '6396926777'),
	('1729222671888', '5072556635'),
	('1729222671915', '1888497390'),
	('1729222671907', '6211711371'),
	('1729222671820', '7452969499'),
	('1729222671898', '2762047773'),
	('1729222671897', '7904954601'),
	('1729222671815', '5677834155'),
	('1729222671896', '3003998152'),
	('1729222671848', '2629530976'),
	('1729222671806', '4242758840'),
	('1729222671798', '2143969822'),
	('1729222671910', '4254160195'),
	('1729222671781', '7962836616'),
	('1729222671915', '6275852426'),
	('1729222671792', '2399763002'),
	('1729222671786', '7236056964'),
	('1729222671811', '5596262624'),
	('1729222671822', '8281350525'),
	('1729222671791', '2872411645'),
	('1729222671862', '4234024007'),
	('1729222671813', '6508210066'),
	('1729222671865', '3886272902'),
	('1729222671830', '9457285732'),
	('1729222671878', '2719843803'),
	('1729222671797', '3257093269'),
	('1729222671798', '1542498726'),
	('1729222671833', '6267180260'),
	('1729222671835', '9715906579'),
	('1729222671782', '7066692442'),
	('1729222671796', '4842323901'),
	('1729222671872', '2238531418'),
	('1729222671836', '9149019411'),
	('1729222671885', '6869683236'),
	('1729222671845', '9447487680'),
	('1729222671818', '2705223758'),
	('1729222671919', '8306176181'),
	('1729222671803', '5093710669'),
	('1729222671853', '3406267655'),
	('1729222671800', '8952878575'),
	('1729222671920', '4515050127'),
	('1729222671833', '1437079548'),
	('1729222671887', '4731065189'),
	('1729222671919', '2141055514'),
	('1729222671886', '7722226495'),
	('1729222671775', '8904828487'),
	('1729222671810', '6135929384'),
	('1729222671863', '4373547256'),
	('1729222671806', '8945423522'),
	('1729222671863', '4785679174'),
	('1729222671869', '3961717361'),
	('1729222671843', '8173337004'),
	('1729222671813', '1121359131'),
	('1729222671884', '6738768152'),
	('1729222671786', '1596664834'),
	('1729222671891', '2821056364'),
	('1729222671851', '9141339760'),
	('1729222671804', '6677395398'),
	('1729222671851', '8446531797'),
	('1729222671914', '9712210189'),
	('1729222671784', '5702541254'),
	('1729222671873', '8604079961'),
	('1729222671906', '3113013963'),
	('1729222671861', '4533296849'),
	('1729222671898', '6349914731'),
	('1729222671918', '8101187282'),
	('1729222671850', '7272810425'),
	('1729222671881', '6169918839'),
	('1729222671917', '2096596011'),
	('1729222671779', '9657972091'),
	('1729222671831', '3189324137'),
	('1729222671787', '9502382350'),
	('1729222671880', '7465987613'),
	('1729222671812', '7544814650'),
	('1729222671845', '3662292357'),
	('1729222671910', '9958444268'),
	('1729222671829', '4038224297'),
	('1729222671913', '4093359506'),
	('1729222671820', '4999461992'),
	('1729222671895', '3901939912'),
	('1729222671792', '3167138950'),
	('1729222671890', '2273049688'),
	('1729222671814', '7076530439'),
	('1729222671879', '9318935212'),
	('1729222671916', '9887880073'),
	('1729222671918', '8557227235'),
	('1729222671914', '9279853178'),
	('1729222671819', '3807292091'),
	('1729222671892', '4065633556'),
	('1729222671821', '9568138843'),
	('1729222671827', '8389234550'),
	('1729222671776', '1487061092'),
	('1729222671830', '5533906896'),
	('1729222671780', '8668264359'),
	('1729222671788', '1088359990'),
	('1729222671837', '4426423514'),
	('1729222671826', '3356483102'),
	('1729222671877', '4249748140'),
	('1729222671822', '7126998094'),
	('1729222671869', '7635936240'),
	('1729222671793', '6214491820'),
	('1729222671800', '7129753825'),
	('1729222671825', '4222375516'),
	('1729222671843', '8523225393'),
	('1729222671888', '4681762186'),
	('1729222671834', '1697041426'),
	('1729222671803', '2727841102'),
	('1729222671895', '9836390530'),
	('1729222671856', '6839979308'),
	('1729222671844', '3502303655'),
	('1729222671867', '9488797963'),
	('1729222671897', '6326301664'),
	('1729222671896', '9477367692'),
	('1729222671802', '1729177925'),
	('1729222671894', '4135310248'),
	('1729222671805', '9826267583'),
	('1729222671795', '5122306463'),
	('1729222671876', '5378963695'),
	('1729222671839', '6916587668'),
	('1729222671853', '2678147453'),
	('1729222671796', '5338433101'),
	('1729222671834', '6954201087'),
	('1729222671800', '4271625007'),
	('1729222671908', '5859980308'),
	('1729222671861', '5365340414'),
	('1729222671781', '4224284527'),
	('1729222671905', '7136252151'),
	('1729222671793', '1456045100'),
	('1729222671774', '9904200224'),
	('1729222671848', '2988280557'),
	('1729222671871', '6628072652'),
	('1729222671916', '6571900107'),
	('1729222671830', '2597011691'),
	('1729222671890', '3513312647'),
	('1729222671916', '3513242923'),
	('1729222671830', '4495419393'),
	('1729222671851', '7216975826'),
	('1729222671842', '1947743487'),
	('1729222671828', '4609155593'),
	('1729222671904', '2019474130'),
	('1729222671833', '7362064873'),
	('1729222671894', '1243544731'),
	('1729222671862', '2775506285'),
	('1729222671824', '3305067740'),
	('1729222671792', '5628928679'),
	('1729222671772', '2303528244'),
	('1729222671795', '7261575321'),
	('1729222671854', '4208585820'),
	('1729222671921', '8638514960'),
	('1729222671772', '7728606408'),
	('1729222671824', '3147488027'),
	('1729222671872', '6588927747'),
	('1729222671906', '2311760549'),
	('1729222671871', '5032036924'),
	('1729222671908', '7011116840'),
	('1729222671852', '6657964215'),
	('1729222671911', '8235374521'),
	('1729222671872', '2043684310'),
	('1729222671837', '5271241454'),
	('1729222671804', '1202808296'),
	('1729222671917', '6106871708'),
	('1729222671773', '7214863944'),
	('1729222671828', '4098951628'),
	('1729222671858', '1568584427'),
	('1729222671809', '6703918360'),
	('1729222671878', '1441695997'),
	('1729222671868', '1954848475'),
	('1729222671809', '6792581386'),
	('1729222671806', '4281078758'),
	('1729222671906', '9575192580'),
	('1729222671864', '9359178247'),
	('1729222671882', '1842629313'),
	('1729222671819', '6045929692'),
	('1729222671912', '9047699018'),
	('1729222671774', '8404624712'),
	('1729222671912', '8408365781'),
	('1729222671894', '9241706481'),
	('1729222671881', '6577920777'),
	('1729222671893', '5717023357'),
	('1729222671775', '7073499954'),
	('1729222671793', '3647409371'),
	('1729222671921', '3498238249'),
	('1729222671869', '5599547229'),
	('1729222671823', '4547033686'),
	('1729222671849', '5013808781'),
	('1729222671784', '4144727614'),
	('1729222671848', '1854502668'),
	('1729222671889', '1293349171'),
	('1729222671807', '3136736917'),
	('1729222671920', '9298851744'),
	('1729222671820', '1166034813'),
	('1729222671896', '8257957173'),
	('1729222671814', '2784164323'),
	('1729222671802', '4776809411'),
	('1729222671779', '2783370640'),
	('1729222671884', '2882459844'),
	('1729222671910', '9269135239'),
	('1729222671910', '3942836292'),
	('1729222671839', '1062263939'),
	('1729222671900', '2017128284'),
	('1729222671780', '5773159701'),
	('1729222671905', '9537046161'),
	('1729222671836', '2518546226'),
	('1729222671886', '3754342467'),
	('1729222671772', '5914199874'),
	('1729222671844', '1047850854'),
	('1729222671897', '9954474154'),
	('1729222671873', '1331702413'),
	('1729222671802', '8012352369'),
	('1729222671790', '1195238012'),
	('1729222671876', '9091276711'),
	('1729222671772', '7816931843'),
	('1729222671904', '1356508276'),
	('1729222671830', '4226236903'),
	('1729222671836', '6713886526'),
	('1729222671799', '4947049770'),
	('1729222671799', '8861155521'),
	('1729222671842', '1353260859'),
	('1729222671789', '8805477142'),
	('1729222671873', '7936060189'),
	('1729222671837', '6829430443'),
	('1729222671874', '3047222850'),
	('1729222671778', '7548151105'),
	('1729222671825', '4032539910'),
	('1729222671843', '4476508506'),
	('1729222671785', '5807156439'),
	('1729222671908', '1592529020'),
	('1729222671850', '3381112950'),
	('1729222671886', '6459554614'),
	('1729222671796', '6504218780'),
	('1729222671907', '8009770822'),
	('1729222671866', '1697610683'),
	('1729222671805', '9181424153'),
	('1729222671891', '4085948683'),
	('1729222671791', '4462387414'),
	('1729222671901', '1165697555'),
	('1729222671830', '9004471804'),
	('1729222671824', '9095800537'),
	('1729222671847', '6423463660'),
	('1729222671859', '7584096886'),
	('1729222671809', '2569553340'),
	('1729222671807', '4806658870'),
	('1729222671881', '9369007733'),
	('1729222671904', '9413871485'),
	('1729222671921', '1981448895'),
	('1729222671860', '2702401324'),
	('1729222671808', '2063642323'),
	('1729222671804', '7476886628'),
	('1729222671840', '2333316093'),
	('1729222671891', '6827003361'),
	('1729222671894', '2286437990'),
	('1729222671798', '7691253186'),
	('1729222671789', '2372850548'),
	('1729222671774', '2405284855'),
	('1729222671892', '9784331437'),
	('1729222671884', '9661780590'),
	('1729222671819', '2652769918'),
	('1729222671908', '5336349506'),
	('1729222671868', '9414242789'),
	('1729222671787', '4496772894'),
	('1729222671880', '7033666755'),
	('1729222671820', '2908029813'),
	('1729222671866', '6908270305'),
	('1729222671856', '8733210333'),
	('1729222671824', '4265459656'),
	('1729222671848', '7909696841'),
	('1729222671905', '8345362993'),
	('1729222671874', '4895961756'),
	('1729222671912', '4494409390'),
	('1729222671807', '8853052656'),
	('1729222671849', '3026031514'),
	('1729222671914', '8245196263'),
	('1729222671787', '5967373101'),
	('1729222671800', '4173576987'),
	('1729222671829', '1051710583'),
	('1729222671912', '2013137434'),
	('1729222671798', '3092685600'),
	('1729222671859', '7944279857'),
	('1729222671819', '7254994517'),
	('1729222671903', '8785301268'),
	('1729222671815', '1984334408'),
	('1729222671846', '5645852902'),
	('1729222671901', '6051501071'),
	('1729222671847', '6255789832'),
	('1729222671850', '5136610486'),
	('1729222671904', '6644998184'),
	('1729222671831', '7605179626'),
	('1729222671785', '9655186389'),
	('1729222671893', '5258145877'),
	('1729222671809', '2202666917'),
	('1729222671778', '8524254620'),
	('1729222671914', '4708607672'),
	('1729222671873', '5642800639'),
	('1729222671828', '3854350379'),
	('1729222671910', '9605738916'),
	('1729222671916', '5099843561'),
	('1729222671870', '1876126805'),
	('1729222671874', '8651964961'),
	('1729222671914', '3724263360'),
	('1729222671836', '2106830492'),
	('1729222671818', '4059899797'),
	('1729222671804', '7553148663'),
	('1729222671908', '8053672189'),
	('1729222671820', '4953328899'),
	('1729222671844', '6994060260'),
	('1729222671920', '6369990750'),
	('1729222671825', '9531846923'),
	('1729222671865', '5962474000'),
	('1729222671793', '8432032521'),
	('1729222671819', '7468730766'),
	('1729222671819', '5829558493'),
	('1729222671791', '7648922271'),
	('1729222671807', '2659619587'),
	('1729222671865', '3516191109'),
	('1729222671905', '8321376237'),
	('1729222671787', '9628916617'),
	('1729222671849', '4075594099'),
	('1729222671912', '2788789280'),
	('1729222671866', '5337863866'),
	('1729222671877', '2065770099'),
	('1729222671799', '4043274905'),
	('1729222671901', '7871531716'),
	('1729222671851', '2933505380'),
	('1729222671860', '6676818584'),
	('1729222671866', '8042448414'),
	('1729222671778', '2657558250'),
	('1729222671851', '3102801828'),
	('1729222671820', '6813600982'),
	('1729222671774', '4024834840'),
	('1729222671868', '3504587412'),
	('1729222671884', '5358187337'),
	('1729222671814', '1548836366'),
	('1729222671884', '2555266719'),
	('1729222671841', '2342624967'),
	('1729222671782', '9086327159'),
	('1729222671869', '7796541196'),
	('1729222671870', '3807088750'),
	('1729222671867', '3223947238'),
	('1729222671907', '9179253788'),
	('1729222671805', '8476038136'),
	('1729222671793', '8643863580'),
	('1729222671788', '6461298369'),
	('1729222671868', '4886793545'),
	('1729222671798', '7417460541'),
	('1729222671898', '6671326104'),
	('1729222671870', '2774111461'),
	('1729222671867', '6518621073'),
	('1729222671803', '8448671979'),
	('1729222671910', '7459945693'),
	('1729222671902', '4434387050'),
	('1729222671772', '3121371885'),
	('1729222671884', '8681359947'),
	('1729222671819', '4748477243'),
	('1729222671905', '7267794192'),
	('1729222671793', '6006367822'),
	('1729222671780', '3325924491'),
	('1729222671812', '6552514506'),
	('1729222671835', '9661925827'),
	('1729222671784', '6765031163'),
	('1729222671901', '5826877350'),
	('1729222671793', '5349996448'),
	('1729222671796', '8226708399'),
	('1729222671916', '4074796918'),
	('1729222671809', '3442710451'),
	('1729222671789', '5966455092'),
	('1729222671821', '9081285177'),
	('1729222671817', '9601029609'),
	('1729222671823', '3674802546'),
	('1729222671814', '5827880383'),
	('1729222671783', '9018612917'),
	('1729222671773', '7186507040'),
	('1729222671851', '6795972798'),
	('1729222671919', '6133058564'),
	('1729222671789', '9786399928'),
	('1729222671899', '5404600770'),
	('1729222671887', '8063151751'),
	('1729222671818', '7182738732'),
	('1729222671789', '7565576694'),
	('1729222671803', '3765123220'),
	('1729222671842', '8653844150'),
	('1729222671807', '2418588399'),
	('1729222671778', '7623039515'),
	('1729222671795', '9774890581'),
	('1729222671798', '2977708798'),
	('1729222671774', '8499952007'),
	('1729222671921', '5253287638'),
	('1729222671895', '3106004271'),
	('1729222671813', '5973201310'),
	('1729222671918', '5522366321'),
	('1729222671914', '7099960627'),
	('1729222671919', '8012163246'),
	('1729222671846', '8144555384'),
	('1729222671865', '2081181836'),
	('1729222671784', '2994476757'),
	('1729222671919', '2115867808'),
	('1729222671866', '1177783265'),
	('1729222671880', '3008928785'),
	('1729222671822', '5001688741'),
	('1729222671856', '8644315126'),
	('1729222671883', '8172675980'),
	('1729222671919', '3472897916'),
	('1729222671776', '8482197911'),
	('1729222671863', '5373620648'),
	('1729222671829', '1231973468'),
	('1729222671849', '9102170157'),
	('1729222671803', '1955887322'),
	('1729222671874', '8869841837'),
	('1729222671885', '5135778117'),
	('1729222671800', '4696306564'),
	('1729222671822', '6545913645'),
	('1729222671821', '4006930987'),
	('1729222671799', '3407606095'),
	('1729222671914', '2518729039'),
	('1729222671846', '7233660944'),
	('1729222671835', '1634168833'),
	('1729222671864', '5914176276'),
	('1729222671850', '2331475325'),
	('1729222671836', '6687117973'),
	('1729222671906', '7098289682'),
	('1729222671886', '7321279745'),
	('1729222671809', '1794670661'),
	('1729222671906', '9665606545'),
	('1729222671842', '4116423101'),
	('1729222671912', '7389239657'),
	('1729222671909', '3863881466'),
	('1729222671884', '2865375154'),
	('1729222671846', '5591070939'),
	('1729222671778', '2849605120'),
	('1729222671822', '9978019161'),
	('1729222671827', '6951404920'),
	('1729222671902', '4703374773'),
	('1729222671918', '8622389405'),
	('1729222671841', '7183977651'),
	('1729222671920', '5711826290'),
	('1729222671817', '1659024781'),
	('1729222671886', '6323426765'),
	('1729222671794', '5153797609'),
	('1729222671847', '2198686371'),
	('1729222671809', '9243360824'),
	('1729222671901', '8525152312'),
	('1729222671846', '4756857046'),
	('1729222671807', '4547867066'),
	('1729222671833', '8663681020'),
	('1729222671915', '3997046416'),
	('1729222671803', '4078488488'),
	('1729222671881', '5527966082'),
	('1729222671826', '7543104393'),
	('1729222671805', '5921894556'),
	('1729222671895', '5911682347'),
	('1729222671882', '6816935907'),
	('1729222671812', '1748380762'),
	('1729222671865', '5801929595'),
	('1729222671828', '9945522205'),
	('1729222671904', '2968441704'),
	('1729222671823', '4788333716'),
	('1729222671783', '5787911360'),
	('1729222671879', '9737710794'),
	('1729222671890', '9178894099'),
	('1729222671845', '6345299850'),
	('1729222671835', '4685813817'),
	('1729222671917', '2731283539'),
	('1729222671807', '5873227142'),
	('1729222671894', '6424250000'),
	('1729222671804', '9674617497'),
	('1729222671783', '7039058954');

INSERT INTO telefonojuez (idolimpicoj, telefono) VALUES
	('1730596144960', '9353647641'),
	('1730596144885', '6633446441'),
	('1730596144802', '7287653646'),
	('1730596144948', '6186106188'),
	('1730596144863', '3083053935'),
	('1730596144876', '8969027252'),
	('1730596144955', '3887294425'),
	('1730596144854', '1341963911'),
	('1730596144957', '3601141725'),
	('1730596144835', '4084104045'),
	('1730596144851', '8526423563'),
	('1730596144824', '1538527532'),
	('1730596144921', '2232454278'),
	('1730596144866', '3957515926'),
	('1730596144796', '7274270623'),
	('1730596144892', '3261857841'),
	('1730596144785', '5197468592'),
	('1730596144823', '8083325133'),
	('1730596144779', '8972784693'),
	('1730596144781', '5753630094'),
	('1730596144835', '5422555367'),
	('1730596144854', '8866046078'),
	('1730596144836', '1318856355'),
	('1730596144929', '2729645468'),
	('1730596144899', '3992712612'),
	('1730596144803', '1183330748'),
	('1730596144876', '1941859190'),
	('1730596144930', '2405389343'),
	('1730596144814', '3521376614'),
	('1730596144955', '4536272581'),
	('1730596144827', '5884880444'),
	('1730596144849', '3937379162'),
	('1730596144912', '4837793548'),
	('1730596144836', '5267631874'),
	('1730596144953', '4981182770'),
	('1730596144874', '5791924818'),
	('1730596144783', '9356049244'),
	('1730596144882', '7639605907'),
	('1730596144768', '2436966592'),
	('1730596144912', '7998804628'),
	('1730596144951', '3315545021'),
	('1730596144842', '4969701820'),
	('1730596144856', '8733924925'),
	('1730596144833', '2798781726'),
	('1730596144834', '6304903095'),
	('1730596144886', '8021792365'),
	('1730596144910', '7708928079'),
	('1730596144956', '2034194351'),
	('1730596144895', '9563865708'),
	('1730596144874', '3454328650'),
	('1730596144915', '4649821638'),
	('1730596144853', '7951058495'),
	('1730596144875', '3769370112'),
	('1730596144836', '5379391530'),
	('1730596144778', '9735527962'),
	('1730596144809', '7507160038'),
	('1730596144860', '4407149838'),
	('1730596144926', '6579518610'),
	('1730596144923', '5758971373'),
	('1730596144825', '1596808145'),
	('1730596144885', '9374905282'),
	('1730596144948', '1248420451'),
	('1730596144903', '8328671322'),
	('1730596144815', '6695820296'),
	('1730596144900', '7313128210'),
	('1730596144820', '8958971852'),
	('1730596144773', '7411827109'),
	('1730596144883', '5962282945'),
	('1730596144947', '8407852319'),
	('1730596144797', '6042016512'),
	('1730596144885', '2146262141'),
	('1730596144856', '1676474385'),
	('1730596144768', '3146721380'),
	('1730596144857', '2035766811'),
	('1730596144860', '2307069054'),
	('1730596144838', '9875353136'),
	('1730596144807', '6822342227'),
	('1730596144963', '5181764675'),
	('1730596144769', '1128368598'),
	('1730596144966', '3572801517'),
	('1730596144916', '6782511756'),
	('1730596144953', '8416083476'),
	('1730596144899', '5283534730'),
	('1730596144818', '7567659795'),
	('1730596144836', '7986439277'),
	('1730596144805', '7356496628'),
	('1730596144842', '8763059656'),
	('1730596144800', '4071295905'),
	('1730596144845', '4213255817'),
	('1730596144890', '8444966944'),
	('1730596144831', '5509567834'),
	('1730596144843', '3225847486'),
	('1730596144860', '5134335913'),
	('1730596144852', '5652057077'),
	('1730596144823', '7673124361'),
	('1730596144833', '6265247800'),
	('1730596144919', '6456699672'),
	('1730596144920', '5875753870'),
	('1730596144793', '5924345337'),
	('1730596144782', '6645755807'),
	('1730596144812', '9359685394'),
	('1730596144941', '9833531032'),
	('1730596144814', '2584305471'),
	('1730596144940', '5189836539'),
	('1730596144779', '1335342121'),
	('1730596144905', '9301465394'),
	('1730596144957', '5354027389'),
	('1730596144944', '4038392666'),
	('1730596144904', '5005290323'),
	('1730596144915', '1633430233'),
	('1730596144935', '6791699673'),
	('1730596144913', '3596605949'),
	('1730596144857', '4376017576'),
	('1730596144836', '8973118280'),
	('1730596144872', '8208933886'),
	('1730596144825', '9298002860'),
	('1730596144944', '2434052216'),
	('1730596144883', '8616890016'),
	('1730596144801', '2875157113'),
	('1730596144771', '7407407951'),
	('1730596144832', '2025878197'),
	('1730596144860', '1277268880'),
	('1730596144942', '8513985487'),
	('1730596144867', '8217261322'),
	('1730596144827', '4709102560'),
	('1730596144820', '2409704992'),
	('1730596144778', '9305774452'),
	('1730596144937', '7269894888'),
	('1730596144779', '9944458810'),
	('1730596144825', '6777805128'),
	('1730596144829', '3067288077'),
	('1730596144805', '9283035387'),
	('1730596144942', '1817837104'),
	('1730596144831', '2349820458'),
	('1730596144932', '5714788350'),
	('1730596144834', '9598211287'),
	('1730596144907', '2427611880'),
	('1730596144849', '1269563197'),
	('1730596144934', '5807187638'),
	('1730596144895', '5892658032'),
	('1730596144863', '2992670724'),
	('1730596144787', '4957870113'),
	('1730596144854', '3527715525'),
	('1730596144922', '5089881527'),
	('1730596144866', '8106997752'),
	('1730596144851', '3992805113'),
	('1730596144843', '2657023290'),
	('1730596144881', '1833118537'),
	('1730596144778', '3642705603'),
	('1730596144818', '2102549407'),
	('1730596144819', '4084445748'),
	('1730596144784', '4973633712'),
	('1730596144865', '8158964056'),
	('1730596144931', '3702486522'),
	('1730596144869', '6345186558'),
	('1730596144812', '3707986954'),
	('1730596144825', '1604157466'),
	('1730596144830', '2459605975'),
	('1730596144889', '2798421516'),
	('1730596144873', '9737068514'),
	('1730596144797', '2037135647'),
	('1730596144850', '2606320074'),
	('1730596144958', '2985412722'),
	('1730596144916', '3735438598'),
	('1730596144777', '8194255968'),
	('1730596144801', '8725863242'),
	('1730596144928', '3704738735'),
	('1730596144831', '4673034452'),
	('1730596144852', '4603339279'),
	('1730596144921', '1642400965'),
	('1730596144911', '7773272586'),
	('1730596144907', '2773867330'),
	('1730596144925', '8027993671'),
	('1730596144778', '9223575328'),
	('1730596144850', '9209904810'),
	('1730596144934', '5242011743'),
	('1730596144802', '3025598705'),
	('1730596144772', '8137944893'),
	('1730596144920', '1946905447'),
	('1730596144819', '2444416530'),
	('1730596144957', '8656193279'),
	('1730596144852', '4919409761'),
	('1730596144875', '3328347926'),
	('1730596144886', '5136141328'),
	('1730596144798', '1607963348'),
	('1730596144961', '3396687607'),
	('1730596144933', '3839280819'),
	('1730596144901', '7466061033'),
	('1730596144850', '5674989199'),
	('1730596144885', '9621405078'),
	('1730596144850', '7536634657'),
	('1730596144913', '9229355936'),
	('1730596144780', '1086040973'),
	('1730596144848', '7517207641'),
	('1730596144922', '8145810882'),
	('1730596144904', '5508450343'),
	('1730596144910', '4885010493'),
	('1730596144807', '9519659489'),
	('1730596144901', '2071870870'),
	('1730596144877', '9704660108'),
	('1730596144896', '6414345888'),
	('1730596144956', '2205917361'),
	('1730596144918', '3235697069'),
	('1730596144944', '5158885772'),
	('1730596144864', '5134618845'),
	('1730596144899', '4821648674'),
	('1730596144962', '6805784231'),
	('1730596144880', '3179291802'),
	('1730596144769', '9388337350'),
	('1730596144799', '5031122716'),
	('1730596144793', '6805207492'),
	('1730596144785', '2191485069'),
	('1730596144881', '5162184258'),
	('1730596144887', '3714246304'),
	('1730596144914', '8055708220'),
	('1730596144782', '3348499929'),
	('1730596144936', '7991393193'),
	('1730596144777', '8676698575'),
	('1730596144952', '1572504289'),
	('1730596144798', '8095193633'),
	('1730596144780', '5083239519'),
	('1730596144912', '6437077489'),
	('1730596144920', '3183310588'),
	('1730596144907', '4787869134'),
	('1730596144931', '6309766763'),
	('1730596144957', '5647909498'),
	('1730596144882', '5424364147'),
	('1730596144831', '5209180650'),
	('1730596144773', '8595907680'),
	('1730596144836', '8504394368'),
	('1730596144903', '3491373188'),
	('1730596144904', '4605166221'),
	('1730596144895', '6002355619'),
	('1730596144807', '2974131397'),
	('1730596144795', '5186210434'),
	('1730596144842', '8367097282'),
	('1730596144802', '5985038966'),
	('1730596144916', '3804180106'),
	('1730596144779', '3528898249'),
	('1730596144908', '5435792844'),
	('1730596144904', '1178507601'),
	('1730596144827', '1059384183'),
	('1730596144861', '5498001230'),
	('1730596144816', '5481277500'),
	('1730596144920', '8018949473'),
	('1730596144952', '7415934910'),
	('1730596144947', '6881395052'),
	('1730596144837', '6107279046'),
	('1730596144889', '3462064692'),
	('1730596144876', '1305954698'),
	('1730596144967', '3613834670'),
	('1730596144770', '1261466312'),
	('1730596144816', '2852773086'),
	('1730596144955', '1194139586'),
	('1730596144892', '2822069688'),
	('1730596144934', '7969302133'),
	('1730596144778', '9058781966'),
	('1730596144863', '6253639619'),
	('1730596144939', '5029078507'),
	('1730596144916', '4203812204'),
	('1730596144901', '1608923325'),
	('1730596144912', '9262662213'),
	('1730596144924', '2204033269'),
	('1730596144870', '5011310434'),
	('1730596144858', '1245998194'),
	('1730596144924', '5442712361'),
	('1730596144804', '9779238260'),
	('1730596144958', '8315888523'),
	('1730596144839', '8531863168'),
	('1730596144913', '1681436434'),
	('1730596144941', '6921360164'),
	('1730596144804', '1562433311'),
	('1730596144924', '1228086327'),
	('1730596144897', '8458690703'),
	('1730596144928', '3294064449'),
	('1730596144802', '3655519858'),
	('1730596144817', '4696936883'),
	('1730596144806', '1731406147'),
	('1730596144769', '7839245369'),
	('1730596144951', '5216771183'),
	('1730596144831', '1277962335'),
	('1730596144840', '1432633713'),
	('1730596144860', '3732179500'),
	('1730596144898', '5257125732'),
	('1730596144792', '9802237424'),
	('1730596144953', '3956749168'),
	('1730596144780', '2049275342'),
	('1730596144796', '5152357869'),
	('1730596144955', '6981229481'),
	('1730596144885', '4364133329'),
	('1730596144775', '9273201040'),
	('1730596144817', '1162784261'),
	('1730596144805', '1554689473'),
	('1730596144896', '1889829691'),
	('1730596144931', '4147132126'),
	('1730596144908', '5373134366'),
	('1730596144794', '3686339409'),
	('1730596144789', '4557827408'),
	('1730596144873', '2313989257'),
	('1730596144810', '3626266122'),
	('1730596144831', '6978475307'),
	('1730596144868', '3482685393'),
	('1730596144842', '5406565770'),
	('1730596144787', '3586371196'),
	('1730596144936', '3887208593'),
	('1730596144923', '2551446923'),
	('1730596144801', '2867848541'),
	('1730596144955', '3534853484'),
	('1730596144924', '6924680884'),
	('1730596144798', '7271236568'),
	('1730596144865', '6958641783'),
	('1730596144771', '2676023014'),
	('1730596144815', '2364691059'),
	('1730596144825', '5355598541'),
	('1730596144910', '5261786111'),
	('1730596144926', '5426222580'),
	('1730596144818', '1646939749'),
	('1730596144925', '8885368059'),
	('1730596144874', '4862566469'),
	('1730596144809', '5074439641'),
	('1730596144932', '5197503140'),
	('1730596144884', '7878848618'),
	('1730596144907', '1915395714'),
	('1730596144887', '7723427151'),
	('1730596144880', '9873757276'),
	('1730596144952', '8864527581'),
	('1730596144782', '3896931487'),
	('1730596144875', '6903609835'),
	('1730596144793', '3671516451'),
	('1730596144893', '2906884336'),
	('1730596144781', '4394988643'),
	('1730596144775', '9217528738'),
	('1730596144827', '9508107499'),
	('1730596144770', '2923982652'),
	('1730596144891', '4247694375'),
	('1730596144963', '4154317717'),
	('1730596144896', '5377252057'),
	('1730596144882', '4162649360'),
	('1730596144841', '1339391868'),
	('1730596144832', '9259145176'),
	('1730596144803', '7725845255'),
	('1730596144932', '6264753966'),
	('1730596144900', '1988692872'),
	('1730596144913', '6189984056'),
	('1730596144958', '7362049220'),
	('1730596144915', '9088044437'),
	('1730596144823', '6767600835'),
	('1730596144887', '3049097224'),
	('1730596144803', '5426365387'),
	('1730596144926', '9724125265'),
	('1730596144893', '4933230227'),
	('1730596144959', '3862630440'),
	('1730596144906', '6234448018'),
	('1730596144879', '4966283858'),
	('1730596144858', '5284808998'),
	('1730596144909', '5468622559'),
	('1730596144953', '6841678870'),
	('1730596144786', '9389376232'),
	('1730596144887', '7989144134'),
	('1730596144867', '6927554345'),
	('1730596144816', '3934362406'),
	('1730596144963', '6035403331'),
	('1730596144874', '7024868520'),
	('1730596144917', '5485674945'),
	('1730596144917', '4193322750'),
	('1730596144831', '4721865224'),
	('1730596144864', '3571242603'),
	('1730596144950', '6693304974'),
	('1730596144815', '3486173707'),
	('1730596144918', '9048965148'),
	('1730596144798', '6594982650'),
	('1730596144945', '9178020542'),
	('1730596144860', '6857349061'),
	('1730596144881', '5389948529'),
	('1730596144794', '3592747790'),
	('1730596144856', '1843548395'),
	('1730596144886', '7125934657'),
	('1730596144918', '1764754388'),
	('1730596144948', '1752031207'),
	('1730596144854', '2066432324'),
	('1730596144967', '7241673696'),
	('1730596144934', '6589336767'),
	('1730596144795', '6382113522'),
	('1730596144830', '7569869940'),
	('1730596144769', '4399174389'),
	('1730596144780', '2955285739'),
	('1730596144876', '9735833492'),
	('1730596144831', '8161568803'),
	('1730596144812', '2189499717'),
	('1730596144901', '8223297228'),
	('1730596144948', '1861973009'),
	('1730596144897', '3858731686'),
	('1730596144941', '3112784102'),
	('1730596144960', '9886617787'),
	('1730596144866', '7714502012'),
	('1730596144941', '7977902123'),
	('1730596144890', '5297813392'),
	('1730596144855', '2542445643'),
	('1730596144768', '9498415795'),
	('1730596144900', '4336192693'),
	('1730596144907', '9429156562'),
	('1730596144795', '6387923235'),
	('1730596144940', '7316763174'),
	('1730596144844', '2231848458'),
	('1730596144943', '6268240726'),
	('1730596144868', '9581655464'),
	('1730596144873', '3711301661'),
	('1730596144801', '2505434259'),
	('1730596144944', '7276432757'),
	('1730596144965', '3923736630'),
	('1730596144876', '9762493544'),
	('1730596144815', '6996479206'),
	('1730596144897', '3301887187'),
	('1730596144825', '8562485199'),
	('1730596144932', '1203919307'),
	('1730596144949', '7506254429'),
	('1730596144812', '9312689810'),
	('1730596144793', '5085235608'),
	('1730596144953', '3665180782'),
	('1730596144894', '9717999197'),
	('1730596144927', '4041687394'),
	('1730596144824', '8168270486'),
	('1730596144782', '8697033621'),
	('1730596144775', '3415887227'),
	('1730596144937', '6844961657'),
	('1730596144888', '9027259573'),
	('1730596144871', '8596575650'),
	('1730596144815', '9295571646'),
	('1730596144913', '6092171458'),
	('1730596144912', '5528278299'),
	('1730596144815', '4454477833'),
	('1730596144835', '4831705690'),
	('1730596144886', '1181413280'),
	('1730596144873', '6548682235'),
	('1730596144886', '8103598797'),
	('1730596144861', '6432248675'),
	('1730596144799', '4241169673'),
	('1730596144776', '2253125257'),
	('1730596144772', '1671435023'),
	('1730596144792', '8191163020'),
	('1730596144889', '5364159607'),
	('1730596144812', '1453049166'),
	('1730596144962', '4079430829'),
	('1730596144842', '5606760077'),
	('1730596144847', '6389475771'),
	('1730596144784', '5751105678'),
	('1730596144816', '3363957028'),
	('1730596144914', '4332741567'),
	('1730596144821', '3197057027'),
	('1730596144864', '2507589306'),
	('1730596144878', '3416501495'),
	('1730596144785', '4509208987'),
	('1730596144887', '9082069152'),
	('1730596144965', '1843293384'),
	('1730596144788', '9195752036'),
	('1730596144831', '8149343142'),
	('1730596144959', '5327777419'),
	('1730596144810', '3993823263'),
	('1730596144902', '2103564953'),
	('1730596144895', '8309655562'),
	('1730596144829', '6753454962'),
	('1730596144825', '5782292644'),
	('1730596144921', '7144464598'),
	('1730596144795', '1491950238'),
	('1730596144964', '9659793896'),
	('1730596144847', '7555124853'),
	('1730596144907', '8373323903'),
	('1730596144890', '2674839272'),
	('1730596144885', '9565381848'),
	('1730596144916', '9546435667'),
	('1730596144802', '4372220409'),
	('1730596144917', '9011525965'),
	('1730596144799', '8799477767'),
	('1730596144899', '9014254033'),
	('1730596144881', '8011549346'),
	('1730596144863', '6261451257'),
	('1730596144785', '8062694753'),
	('1730596144944', '1097346419'),
	('1730596144918', '1104229092'),
	('1730596144780', '4041269964'),
	('1730596144825', '1243352649'),
	('1730596144908', '8003722700'),
	('1730596144929', '5894190089'),
	('1730596144835', '5352519089'),
	('1730596144813', '9842557695'),
	('1730596144775', '5647193669'),
	('1730596144932', '4571528919'),
	('1730596144829', '6627156282'),
	('1730596144841', '9876955137'),
	('1730596144851', '4099507529'),
	('1730596144897', '4904997443'),
	('1730596144927', '7446129810'),
	('1730596144948', '1282627916'),
	('1730596144930', '3417769263'),
	('1730596144889', '5418707063'),
	('1730596144815', '5367023071'),
	('1730596144957', '4345442720'),
	('1730596144913', '1691771876'),
	('1730596144817', '4427737224'),
	('1730596144923', '9625314792');

INSERT INTO emailatleta (idolimpicoa, email) VALUES
	('1729225212981', 'lreubel0@disqus.com'),
	('1729225213019', 'phuckleby1@typepad.com'),
	('1729225213013', 'rblues2@studiopress.com'),
	('1729225213038', 'fleas3@omniture.com'),
	('1729225213004', 'etrorey4@gizmodo.com'),
	('1729225213027', 'dwinyard5@aol.com'),
	('1729225212944', 'fdennitts6@usa.gov'),
	('1729225212942', 'tverden7@discovery.com'),
	('1729225213066', 'jskerritt8@pbs.org'),
	('1729225212961', 'moyley9@domainmarket.com'),
	('1729225213013', 'aandriollia@kickstarter.com'),
	('1729225213045', 'hespyb@ucsd.edu'),
	('1729225213055', 'ngoodludc@sourceforge.net'),
	('1729225213038', 'kgammetd@woothemes.com'),
	('1729225213069', 'eskillerne@patch.com'),
	('1729225212992', 'dgirardengof@businessweek.com'),
	('1729225212957', 'kverlanderg@studiopress.com'),
	('1729225213040', 'lliveseyh@wordpress.org'),
	('1729225213011', 'csculpheri@booking.com'),
	('1729225213013', 'abondsj@wikispaces.com'),
	('1729225213041', 'hwoolensk@photobucket.com'),
	('1729225213010', 'sromkel@indiatimes.com'),
	('1729225212982', 'cgarrettsm@dot.gov'),
	('1729225213035', 'toldeyn@csmonitor.com'),
	('1729225212928', 'ylivezeyo@desdev.cn'),
	('1729225212961', 'rbaffp@china.com.cn'),
	('1729225212963', 'jkorneichukq@blinklist.com'),
	('1729225212929', 'sbillhamr@sphinn.com'),
	('1729225213023', 'econellys@google.com.hk'),
	('1729225212988', 'mdowneyt@slate.com'),
	('1729225212982', 'rwadlowu@sitemeter.com'),
	('1729225213004', 'oowttrimv@newsvine.com'),
	('1729225212951', 'kbetjew@msn.com'),
	('1729225212934', 'jgladechex@webmd.com'),
	('1729225212973', 'cbanfieldy@tamu.edu'),
	('1729225213039', 'olosebiez@webeden.co.uk'),
	('1729225212944', 'cgaltone10@oaic.gov.au'),
	('1729225212932', 'tpatience11@wunderground.com'),
	('1729225212977', 'dlummis12@vimeo.com'),
	('1729225212962', 'bcossam13@engadget.com'),
	('1729225213035', 'jflukes14@usda.gov'),
	('1729225212965', 'shaggata15@dmoz.org'),
	('1729225213038', 'tmacelane16@sfgate.com'),
	('1729225213012', 'jhedingham17@prnewswire.com'),
	('1729225213002', 'swyant18@networkadvertising.org'),
	('1729225212969', 'hdevall19@printfriendly.com'),
	('1729225212971', 'tbyrne1a@cam.ac.uk'),
	('1729225213040', 'pfones1b@nps.gov'),
	('1729225212988', 'jlamerton1c@baidu.com'),
	('1729225212925', 'cplose1d@auda.org.au'),
	('1729225213060', 'jchatain1e@arstechnica.com'),
	('1729225213022', 'sadenot1f@ocn.ne.jp'),
	('1729225212990', 'pduplain1g@pcworld.com'),
	('1729225212988', 'hlenard1h@howstuffworks.com'),
	('1729225212981', 'adeaves1i@soup.io'),
	('1729225212937', 'jcanellas1j@wix.com'),
	('1729225212934', 'xrizzelli1k@cisco.com'),
	('1729225213009', 'afere1l@bandcamp.com'),
	('1729225212954', 'gsturm1m@ustream.tv'),
	('1729225212957', 'npellamont1n@sakura.ne.jp'),
	('1729225213065', 'dhutchinges1o@facebook.com'),
	('1729225212975', 'kmoxson1p@npr.org'),
	('1729225212938', 'cskittrell1q@odnoklassniki.ru'),
	('1729225213024', 'ajobey1r@feedburner.com'),
	('1729225212926', 'cpope1s@baidu.com'),
	('1729225212978', 'speche1t@ihg.com'),
	('1729225213058', 'nlamshead1u@ibm.com'),
	('1729225213040', 'mbuchanan1v@xing.com'),
	('1729225212961', 'ccamings1w@phoca.cz'),
	('1729225212976', 'camber1x@github.com'),
	('1729225212940', 'ilistone1y@skype.com'),
	('1729225213036', 'lcajkler1z@mysql.com'),
	('1729225212951', 'mcrispin20@nifty.com'),
	('1729225213054', 'zgladdin21@cornell.edu'),
	('1729225213041', 'jgeerling22@wired.com'),
	('1729225213056', 'orawle23@tinyurl.com'),
	('1729225212983', 'ttimlett24@alexa.com'),
	('1729225213022', 'jlounds25@ifeng.com'),
	('1729225212948', 'tfahrenbach26@meetup.com'),
	('1729225213028', 'bluddy27@jugem.jp'),
	('1729225212942', 'rdorgon28@privacy.gov.au'),
	('1729225213024', 'estockford29@unicef.org'),
	('1729225213004', 'rlie2a@sogou.com'),
	('1729225212978', 'acabell2b@xing.com'),
	('1729225212962', 'codgaard2c@t-online.de'),
	('1729225212937', 'rfebvre2d@cyberchimps.com'),
	('1729225213060', 'cerrichelli2e@nymag.com'),
	('1729225212928', 'iwoehler2f@bbb.org'),
	('1729225212940', 'rnehls2g@go.com'),
	('1729225213004', 'fkornousek2h@yelp.com'),
	('1729225213071', 'sdealey2i@1und1.de'),
	('1729225213012', 'ahadaway2j@wired.com'),
	('1729225212985', 'cshama2k@dion.ne.jp'),
	('1729225213069', 'jdaal2l@i2i.jp'),
	('1729225213031', 'mduthie2m@oracle.com'),
	('1729225212934', 'handreini2n@wix.com'),
	('1729225212972', 'adefries2o@geocities.com'),
	('1729225212926', 'novid2p@mail.ru'),
	('1729225213001', 'djanway2q@google.fr'),
	('1729225212983', 'tboarer2r@instagram.com'),
	('1729225212964', 'jbowe2s@umn.edu'),
	('1729225212939', 'ideferraris2t@blogs.com'),
	('1729225213010', 'ttittletross2u@amazonaws.com'),
	('1729225212952', 'awindress2v@pen.io'),
	('1729225213023', 'csimcoe2w@sciencedirect.com'),
	('1729225212985', 'cshortan2x@msn.com'),
	('1729225213005', 'ggilli2y@hatena.ne.jp'),
	('1729225213042', 'gloder2z@ustream.tv'),
	('1729225212993', 'nsommerled30@comsenz.com'),
	('1729225212998', 'aoscanlon31@amazonaws.com'),
	('1729225213054', 'rgodsafe32@symantec.com'),
	('1729225213011', 'sbrager33@dion.ne.jp'),
	('1729225213071', 'uoleksinski34@soundcloud.com'),
	('1729225213024', 'tibarra35@sfgate.com'),
	('1729225213035', 'abonsall36@google.com.hk'),
	('1729225212971', 'kwetherill37@zimbio.com'),
	('1729225212983', 'kgoseling38@imdb.com'),
	('1729225213070', 'kfadell39@facebook.com'),
	('1729225213012', 'csirman3a@ibm.com'),
	('1729225213036', 'akinsella3b@sakura.ne.jp'),
	('1729225212934', 'gpessolt3c@hugedomains.com'),
	('1729225212929', 'lchildren3d@ezinearticles.com'),
	('1729225212993', 'kdallemore3e@feedburner.com'),
	('1729225212950', 'nmussettini3f@newsvine.com'),
	('1729225212946', 'bbaribal3g@about.me'),
	('1729225212991', 'rkiraly3h@google.co.jp'),
	('1729225213007', 'tbristowe3i@bbb.org'),
	('1729225212929', 'wbroadley3j@goodreads.com'),
	('1729225213022', 'cmabbutt3k@pbs.org'),
	('1729225212984', 'nquarmby3l@google.es'),
	('1729225213007', 'lgrantham3m@devhub.com'),
	('1729225213021', 'bmcnevin3n@smh.com.au'),
	('1729225213004', 'bshimwell3o@surveymonkey.com'),
	('1729225213044', 'rcorthes3p@yale.edu'),
	('1729225213004', 'bbachnic3q@123-reg.co.uk'),
	('1729225212988', 'apordall3r@soundcloud.com'),
	('1729225212943', 'ghaddy3s@twitpic.com'),
	('1729225213060', 'pgodspeede3t@flavors.me'),
	('1729225212954', 'klongthorn3u@phpbb.com'),
	('1729225213032', 'ayashunin3v@chronoengine.com'),
	('1729225213005', 'jchasier3w@foxnews.com'),
	('1729225212967', 'adisman3x@themeforest.net'),
	('1729225212996', 'ntyght3y@wunderground.com'),
	('1729225212963', 'vribey3z@hexun.com'),
	('1729225213024', 'abew40@blogspot.com'),
	('1729225213006', 'lbolderoe41@yellowbook.com'),
	('1729225212965', 'jcollyear42@home.pl'),
	('1729225212955', 'mgooda43@cafepress.com'),
	('1729225212980', 'bpurver44@prweb.com'),
	('1729225212969', 'egoodhall45@youtu.be'),
	('1729225212986', 'fmcglew46@umich.edu'),
	('1729225213065', 'dyashanov47@kickstarter.com'),
	('1729225213008', 'owelden48@goo.ne.jp'),
	('1729225212965', 'bguitton49@tripadvisor.com'),
	('1729225212938', 'kasson4a@narod.ru'),
	('1729225212986', 'ereeveley4b@unesco.org'),
	('1729225213058', 'amateuszczyk4c@fda.gov'),
	('1729225213034', 'cbryson4d@ameblo.jp'),
	('1729225213054', 'bgherardelli4e@newsvine.com'),
	('1729225212985', 'hearles4f@mlb.com'),
	('1729225212985', 'ebabar4g@istockphoto.com'),
	('1729225213034', 'sfarrand4h@ucoz.com'),
	('1729225213044', 'wcossey4i@dailymotion.com'),
	('1729225212986', 'mmariot4j@shareasale.com'),
	('1729225213026', 'cringrose4k@51.la'),
	('1729225213067', 'rantoniades4l@tmall.com'),
	('1729225213051', 'lmynott4m@boston.com'),
	('1729225212994', 'hclover4n@chronoengine.com'),
	('1729225213041', 'hrosterne4o@altervista.org'),
	('1729225212970', 'bmcreynolds4p@mashable.com'),
	('1729225212963', 'deveral4q@indiatimes.com'),
	('1729225212931', 'ghuddle4r@mediafire.com'),
	('1729225213026', 'cpaulin4s@behance.net'),
	('1729225213008', 'lchitson4t@sciencedaily.com'),
	('1729225212963', 'nwallwood4u@netvibes.com'),
	('1729225213025', 'mparker4v@mit.edu'),
	('1729225213013', 'cwinder4w@accuweather.com'),
	('1729225213023', 'kniese4x@cnet.com'),
	('1729225213009', 'dcostar4y@weebly.com'),
	('1729225212994', 'vbrunning4z@google.co.uk'),
	('1729225212942', 'kpostans50@usda.gov'),
	('1729225212963', 'rtagg51@ocn.ne.jp'),
	('1729225212976', 'ailyas52@ehow.com'),
	('1729225212977', 'bmackomb53@networksolutions.com'),
	('1729225212930', 'serbain54@macromedia.com'),
	('1729225213045', 'jciciura55@miibeian.gov.cn'),
	('1729225212955', 'ieatock56@oaic.gov.au'),
	('1729225213040', 'nbarrabeale57@shareasale.com'),
	('1729225213026', 'dbillingsley58@de.vu'),
	('1729225212979', 'tguislin59@abc.net.au'),
	('1729225213053', 'boldacres5a@mapy.cz'),
	('1729225212943', 'mpurslow5b@guardian.co.uk'),
	('1729225212996', 'ebarrack5c@timesonline.co.uk'),
	('1729225212951', 'ngherardini5d@livejournal.com'),
	('1729225213009', 'lbelli5e@liveinternet.ru'),
	('1729225212935', 'cbarrick5f@imageshack.us'),
	('1729225213070', 'sskace5g@blogger.com'),
	('1729225212968', 'rrowlett5h@shareasale.com'),
	('1729225212966', 'gthorndycraft5i@theglobeandmail.com'),
	('1729225212934', 'dmungin5j@networkadvertising.org'),
	('1729225213052', 'lfitt5k@com.com'),
	('1729225212948', 'lfaulconer5l@gnu.org'),
	('1729225212971', 'dchatto5m@salon.com'),
	('1729225213039', 'gchapling5n@umn.edu'),
	('1729225212958', 'pcowthart5o@disqus.com'),
	('1729225212968', 'dlaugherane5p@dell.com'),
	('1729225213032', 'llowther5q@deliciousdays.com'),
	('1729225213016', 'bjosefowicz5r@columbia.edu'),
	('1729225213051', 'csire5s@youku.com'),
	('1729225212998', 'btytcomb5t@google.com'),
	('1729225212971', 'cthwaite5u@ed.gov'),
	('1729225212963', 'miuorio5v@intel.com'),
	('1729225212934', 'jchatterton5w@cdc.gov'),
	('1729225213033', 'smisson5x@spiegel.de'),
	('1729225212945', 'rlantaph5y@walmart.com'),
	('1729225213042', 'atremathick5z@pcworld.com'),
	('1729225212999', 'dmunford60@indiegogo.com'),
	('1729225213013', 'ihaughan61@jalbum.net'),
	('1729225213010', 'ebenit62@loc.gov'),
	('1729225212948', 'dcullivan63@unesco.org'),
	('1729225212932', 'gluten64@ezinearticles.com'),
	('1729225212966', 'utrayte65@opensource.org'),
	('1729225212968', 'hbuttler66@virginia.edu'),
	('1729225213038', 'jbackshill67@cbslocal.com'),
	('1729225213026', 'lbolsover68@privacy.gov.au'),
	('1729225212992', 'jhaw69@ox.ac.uk'),
	('1729225213031', 'nblaber6a@guardian.co.uk'),
	('1729225213032', 'ereeday6b@live.com'),
	('1729225213056', 'hburghill6c@php.net'),
	('1729225213003', 'bguinnane6d@fc2.com'),
	('1729225212945', 'ssowersby6e@howstuffworks.com'),
	('1729225213000', 'ssturges6f@mozilla.org'),
	('1729225213039', 'kvasyunkin6g@furl.net'),
	('1729225212922', 'hmillington6h@jiathis.com'),
	('1729225212936', 'gteresi6i@xrea.com'),
	('1729225212975', 'ajorczyk6j@yolasite.com'),
	('1729225212930', 'bjob6k@loc.gov'),
	('1729225213030', 'stattersfield6l@bandcamp.com'),
	('1729225213011', 'anovelli6m@edublogs.org'),
	('1729225213065', 'vodoohaine6n@ustream.tv'),
	('1729225212968', 'mriep6o@unc.edu'),
	('1729225213042', 'bkitcat6p@vistaprint.com'),
	('1729225213062', 'wwaddy6q@bing.com'),
	('1729225212973', 'sszymon6r@statcounter.com'),
	('1729225213042', 'edyble6s@slideshare.net'),
	('1729225212935', 'abebis6t@jimdo.com'),
	('1729225212981', 'drubbens6u@phoca.cz'),
	('1729225213012', 'mliebmann6v@webmd.com'),
	('1729225213019', 'cmidgely6w@purevolume.com'),
	('1729225212955', 'ohand6x@tiny.cc'),
	('1729225213020', 'cfynes6y@geocities.com'),
	('1729225213012', 'jsamber6z@harvard.edu'),
	('1729225213003', 'bmaasz70@senate.gov'),
	('1729225213046', 'sharniman71@reverbnation.com'),
	('1729225212942', 'esteeples72@home.pl'),
	('1729225213058', 'fbrogioni73@cnn.com'),
	('1729225213009', 'kgrumley74@bizjournals.com'),
	('1729225213047', 'pobrogane75@scientificamerican.com'),
	('1729225212924', 'epre76@uiuc.edu'),
	('1729225212975', 'gbeckham77@sina.com.cn'),
	('1729225213048', 'tbevan78@godaddy.com'),
	('1729225212932', 'gkloster79@thetimes.co.uk'),
	('1729225213059', 'kpykett7a@zdnet.com'),
	('1729225213032', 'gdrejer7b@vimeo.com'),
	('1729225213045', 'ubazylets7c@exblog.jp'),
	('1729225213033', 'mspraggs7d@gizmodo.com'),
	('1729225212925', 'apendleberry7e@dailymotion.com'),
	('1729225213026', 'hcaser7f@buzzfeed.com'),
	('1729225212947', 'hleupold7g@dot.gov'),
	('1729225212945', 'ebedwell7h@ifeng.com'),
	('1729225213032', 'tfrancescone7i@ca.gov'),
	('1729225212922', 'fmolohan7j@weibo.com'),
	('1729225212941', 'dmettetal7k@instagram.com'),
	('1729225213057', 'fwoodes7l@hp.com'),
	('1729225212969', 'bloynes7m@wikimedia.org'),
	('1729225213065', 'kleddie7n@live.com'),
	('1729225212924', 'uburrass7o@usgs.gov'),
	('1729225213037', 'wshaefer7p@unc.edu'),
	('1729225213061', 'dharmson7q@infoseek.co.jp'),
	('1729225212950', 'fsimic7r@nytimes.com'),
	('1729225212966', 'ttift7s@freewebs.com'),
	('1729225213014', 'galoigi7t@cam.ac.uk'),
	('1729225212982', 'gskaifedingerthorpe7u@marketwatch.com'),
	('1729225212965', 'ajeannenet7v@ezinearticles.com'),
	('1729225212998', 'jbrissenden7w@answers.com'),
	('1729225213052', 'atremaine7x@bbb.org'),
	('1729225212962', 'tbowdidge7y@shop-pro.jp'),
	('1729225212958', 'gbound7z@google.cn'),
	('1729225213058', 'vchrstine80@yahoo.com'),
	('1729225213002', 'kminchindon81@uiuc.edu'),
	('1729225212980', 'dhaig82@shop-pro.jp'),
	('1729225213034', 'aberinger83@unesco.org'),
	('1729225212935', 'dlanyon84@theglobeandmail.com'),
	('1729225212965', 'lcusack85@discuz.net'),
	('1729225212946', 'cjimmison86@aboutads.info'),
	('1729225213017', 'sarnison87@i2i.jp'),
	('1729225213031', 'psawyers88@meetup.com'),
	('1729225212927', 'bbarbara89@constantcontact.com'),
	('1729225212999', 'ctows8a@weather.com'),
	('1729225212991', 'dhabben8b@amazon.de');

INSERT INTO emailentrenador (idolimpicoe, email) VALUES
	('1729222671850', 'ggriggs0@apache.org'),
	('1729222671911', 'bokerin1@yahoo.com'),
	('1729222671877', 'bfeilden2@studiopress.com'),
	('1729222671875', 'lmum3@ow.ly'),
	('1729222671913', 'pgarwill4@patch.com'),
	('1729222671899', 'pbree5@dailymail.co.uk'),
	('1729222671846', 'srepper6@google.com.br'),
	('1729222671803', 'itomaszewski7@xinhuanet.com'),
	('1729222671780', 'mranscomb8@ucsd.edu'),
	('1729222671858', 'cspofforth9@zimbio.com'),
	('1729222671900', 'cfarna@psu.edu'),
	('1729222671869', 'kdwelleyb@seattletimes.com'),
	('1729222671886', 'gmandevillec@altervista.org'),
	('1729222671799', 'apiolad@ask.com'),
	('1729222671913', 'dlobe@simplemachines.org'),
	('1729222671857', 'dguidonif@woothemes.com'),
	('1729222671867', 'lamayag@mac.com'),
	('1729222671776', 'mlanghamh@yellowpages.com'),
	('1729222671802', 'csheardsi@sogou.com'),
	('1729222671806', 'dcreevyj@blogger.com'),
	('1729222671851', 'ehowelsk@webs.com'),
	('1729222671898', 'jdeverockl@arizona.edu'),
	('1729222671822', 'mcartmalem@blogger.com'),
	('1729222671801', 'idomonkosn@desdev.cn'),
	('1729222671815', 'rturfso@msu.edu'),
	('1729222671835', 'gsabbinsp@cnn.com'),
	('1729222671838', 'lcathieq@amazonaws.com'),
	('1729222671858', 'vdaviddir@house.gov'),
	('1729222671820', 'srussells@forbes.com'),
	('1729222671774', 'nstookest@google.pl'),
	('1729222671780', 'aedworthyu@ifeng.com'),
	('1729222671885', 'igilbardv@china.com.cn'),
	('1729222671905', 'dgreydonw@usatoday.com'),
	('1729222671823', 'epharaohx@scientificamerican.com'),
	('1729222671899', 'ustattery@xrea.com'),
	('1729222671853', 'adibiagioz@wikispaces.com'),
	('1729222671867', 'cjumonet10@berkeley.edu'),
	('1729222671868', 'ajoy11@census.gov'),
	('1729222671861', 'llindelof12@blogger.com'),
	('1729222671825', 'wholtham13@dagondesign.com'),
	('1729222671833', 'tbennington14@jiathis.com'),
	('1729222671899', 'ffountain15@cbslocal.com'),
	('1729222671783', 'apalister16@slashdot.org'),
	('1729222671894', 'mbembridge17@1und1.de'),
	('1729222671864', 'csteeden18@goo.gl'),
	('1729222671868', 'dgiberd19@histats.com'),
	('1729222671810', 'cnicklen1a@behance.net'),
	('1729222671801', 'kandrus1b@de.vu'),
	('1729222671856', 'tbattershall1c@multiply.com'),
	('1729222671855', 'nnormabell1d@reuters.com'),
	('1729222671894', 'kgorden1e@prnewswire.com'),
	('1729222671804', 'jhousam1f@java.com'),
	('1729222671867', 'narmour1g@paginegialle.it'),
	('1729222671830', 'athorneloe1h@biblegateway.com'),
	('1729222671857', 'ttodarello1i@home.pl'),
	('1729222671841', 'kambrogelli1j@gizmodo.com'),
	('1729222671784', 'ftowns1k@craigslist.org'),
	('1729222671901', 'lrushsorth1l@blogs.com'),
	('1729222671865', 'bpearch1m@sfgate.com'),
	('1729222671823', 'growntree1n@technorati.com'),
	('1729222671798', 'eledington1o@pcworld.com'),
	('1729222671840', 'dmcgilmartin1p@archive.org'),
	('1729222671867', 'fozelton1q@upenn.edu'),
	('1729222671810', 'haldrick1r@nhs.uk'),
	('1729222671896', 'wthorius1s@answers.com'),
	('1729222671871', 'pvaissiere1t@umn.edu'),
	('1729222671876', 'calesio1u@hibu.com'),
	('1729222671855', 'kkelby1v@newsvine.com'),
	('1729222671908', 'khusband1w@sfgate.com'),
	('1729222671779', 'cingleton1x@meetup.com'),
	('1729222671854', 'pbalke1y@is.gd'),
	('1729222671806', 'gmerwede1z@tamu.edu'),
	('1729222671912', 'eprestie20@gravatar.com'),
	('1729222671834', 'tmcgeown21@uiuc.edu'),
	('1729222671856', 'jgreenrod22@dyndns.org'),
	('1729222671887', 'cdozdill23@mapy.cz'),
	('1729222671879', 'rlutton24@altervista.org'),
	('1729222671873', 'rgittis25@shop-pro.jp'),
	('1729222671792', 'vchampionnet26@digg.com'),
	('1729222671838', 'bpyper27@netvibes.com'),
	('1729222671891', 'ejakeman28@umn.edu'),
	('1729222671841', 'cmohammed29@vistaprint.com'),
	('1729222671792', 'lhurrell2a@dmoz.org'),
	('1729222671817', 'kcare2b@indiatimes.com'),
	('1729222671814', 'mcooling2c@auda.org.au'),
	('1729222671781', 'ypurveys2d@tiny.cc'),
	('1729222671866', 'aorum2e@gravatar.com'),
	('1729222671789', 'mkeynd2f@slideshare.net'),
	('1729222671886', 'ghaw2g@boston.com'),
	('1729222671827', 'mduesbury2h@macromedia.com'),
	('1729222671868', 'eauten2i@hexun.com'),
	('1729222671874', 'jahrendsen2j@chicagotribune.com'),
	('1729222671777', 'clightbody2k@mtv.com'),
	('1729222671813', 'cgrose2l@diigo.com'),
	('1729222671900', 'nredemile2m@free.fr'),
	('1729222671906', 'soleszcuk2n@seesaa.net'),
	('1729222671816', 'tschule2o@howstuffworks.com'),
	('1729222671877', 'gdenisco2p@ftc.gov'),
	('1729222671815', 'dhawney2q@amazon.de'),
	('1729222671844', 'bpreshaw2r@cam.ac.uk'),
	('1729222671858', 'lprinnett2s@hhs.gov'),
	('1729222671777', 'rdrury2t@hostgator.com'),
	('1729222671912', 'kholston2u@blogtalkradio.com'),
	('1729222671821', 'asenechell2v@liveinternet.ru'),
	('1729222671844', 'mmapstone2w@nbcnews.com'),
	('1729222671892', 'kwhilder2x@opera.com'),
	('1729222671772', 'cstobo2y@springer.com'),
	('1729222671808', 'edornan2z@php.net'),
	('1729222671793', 'gjery30@exblog.jp'),
	('1729222671814', 'qcartman31@boston.com'),
	('1729222671851', 'fwestbury32@mac.com'),
	('1729222671818', 'odanilyak33@dagondesign.com'),
	('1729222671840', 'fparman34@netvibes.com'),
	('1729222671839', 'akissick35@wufoo.com'),
	('1729222671835', 'caddeycott36@issuu.com'),
	('1729222671814', 'qhills37@qq.com'),
	('1729222671921', 'bfollos38@alibaba.com'),
	('1729222671781', 'gjados39@ow.ly'),
	('1729222671862', 'vmasarrat3a@sbwire.com'),
	('1729222671821', 'heddins3b@scientificamerican.com'),
	('1729222671910', 'kbencher3c@sphinn.com'),
	('1729222671910', 'oricciardiello3d@telegraph.co.uk'),
	('1729222671900', 'cchaimson3e@shareasale.com'),
	('1729222671858', 'nminichi3f@ucsd.edu'),
	('1729222671891', 'pinworth3g@cisco.com'),
	('1729222671774', 'bbilton3h@businesswire.com'),
	('1729222671826', 'gannable3i@tinypic.com'),
	('1729222671904', 'ajuanes3j@mlb.com'),
	('1729222671877', 'vjenkyn3k@diigo.com'),
	('1729222671903', 'nditchett3l@icq.com'),
	('1729222671869', 'gtitchener3m@ebay.co.uk'),
	('1729222671852', 'sretchford3n@reverbnation.com'),
	('1729222671916', 'mastell3o@shutterfly.com'),
	('1729222671904', 'dbroke3p@house.gov'),
	('1729222671905', 'soffell3q@microsoft.com'),
	('1729222671789', 'fantuk3r@instagram.com'),
	('1729222671830', 'cirnys3s@ustream.tv'),
	('1729222671885', 'adeesly3t@freewebs.com'),
	('1729222671833', 'dpidcock3u@php.net'),
	('1729222671910', 'zhollebon3v@businessweek.com'),
	('1729222671842', 'kknewstubb3w@loc.gov'),
	('1729222671843', 'deleshenar3x@webnode.com'),
	('1729222671899', 'nthomsen3y@liveinternet.ru'),
	('1729222671812', 'dbarnby3z@webs.com'),
	('1729222671802', 'ffontell40@constantcontact.com'),
	('1729222671872', 'khellis41@whitehouse.gov'),
	('1729222671890', 'halywin42@merriam-webster.com'),
	('1729222671886', 'hbirchenhead43@unicef.org'),
	('1729222671786', 'sfancett44@storify.com'),
	('1729222671901', 'cdarben45@buzzfeed.com'),
	('1729222671812', 'ksuddaby46@free.fr'),
	('1729222671894', 'dmanton47@yelp.com'),
	('1729222671883', 'cbrolechan48@amazon.de'),
	('1729222671791', 'etarplee49@pagesperso-orange.fr'),
	('1729222671901', 'jclaque4a@bizjournals.com'),
	('1729222671905', 'cfossitt4b@cbslocal.com'),
	('1729222671810', 'rmartensen4c@vkontakte.ru'),
	('1729222671844', 'gcorneille4d@indiatimes.com'),
	('1729222671848', 'rcranson4e@army.mil'),
	('1729222671842', 'kmurtell4f@opera.com'),
	('1729222671778', 'eallmond4g@mozilla.com'),
	('1729222671854', 'tcumpton4h@free.fr'),
	('1729222671905', 'mfransseni4i@acquirethisname.com'),
	('1729222671790', 'fervin4j@smugmug.com'),
	('1729222671794', 'kmalan4k@indiegogo.com'),
	('1729222671793', 'mjinda4l@rambler.ru'),
	('1729222671891', 'ldalglish4m@bing.com'),
	('1729222671851', 'acrichley4n@spotify.com'),
	('1729222671861', 'vgilhool4o@ucsd.edu'),
	('1729222671911', 'ftrowell4p@senate.gov'),
	('1729222671881', 'mlogan4q@example.com'),
	('1729222671849', 'ckabos4r@g.co'),
	('1729222671916', 'blamberti4s@tripod.com'),
	('1729222671875', 'lverny4t@reverbnation.com'),
	('1729222671837', 'rgapper4u@printfriendly.com'),
	('1729222671859', 'gfeatley4v@yandex.ru'),
	('1729222671866', 'nfairbard4w@cargocollective.com'),
	('1729222671778', 'mrossey4x@aboutads.info'),
	('1729222671873', 'rjohncey4y@telegraph.co.uk'),
	('1729222671908', 'gmunning4z@eepurl.com'),
	('1729222671855', 'jsidle50@springer.com'),
	('1729222671837', 'rtabourin51@nifty.com'),
	('1729222671797', 'dgiabucci52@so-net.ne.jp'),
	('1729222671865', 'jvinson53@fda.gov'),
	('1729222671862', 'lcrommett54@123-reg.co.uk'),
	('1729222671833', 'aglynn55@twitter.com'),
	('1729222671829', 'goliveti56@biblegateway.com'),
	('1729222671828', 'mmacdonagh57@networksolutions.com'),
	('1729222671825', 'jdorot58@umn.edu'),
	('1729222671784', 'kgindghill59@smh.com.au'),
	('1729222671835', 'rsammes5a@addtoany.com'),
	('1729222671789', 'lmalinson5b@hud.gov'),
	('1729222671852', 'jblackney5c@plala.or.jp'),
	('1729222671876', 'avella5d@instagram.com'),
	('1729222671815', 'cearwicker5e@bloglines.com'),
	('1729222671863', 'bviveash5f@homestead.com'),
	('1729222671778', 'ayuryev5g@fda.gov'),
	('1729222671822', 'pdumingo5h@jalbum.net'),
	('1729222671884', 'sdilston5i@elpais.com'),
	('1729222671880', 'tsetterthwait5j@livejournal.com'),
	('1729222671830', 'sbaert5k@deviantart.com'),
	('1729222671839', 'rmccromley5l@hexun.com'),
	('1729222671901', 'cbannerman5m@fc2.com'),
	('1729222671919', 'csennett5n@guardian.co.uk'),
	('1729222671903', 'mvigus5o@artisteer.com'),
	('1729222671851', 'gberick5p@clickbank.net'),
	('1729222671850', 'nitzkin5q@state.tx.us'),
	('1729222671797', 'acormack5r@microsoft.com'),
	('1729222671789', 'mboydell5s@google.com.au'),
	('1729222671861', 'dcoombs5t@angelfire.com'),
	('1729222671792', 'sbernat5u@exblog.jp'),
	('1729222671844', 'fgarside5v@yahoo.co.jp'),
	('1729222671775', 'wcollcutt5w@bbb.org'),
	('1729222671871', 'kroutledge5x@scribd.com'),
	('1729222671856', 'dbossingham5y@woothemes.com'),
	('1729222671871', 'pladd5z@tuttocitta.it'),
	('1729222671793', 'dmcglone60@tamu.edu'),
	('1729222671917', 'vpattini61@auda.org.au'),
	('1729222671845', 'mreicherz62@woothemes.com'),
	('1729222671875', 'cokennavain63@salon.com'),
	('1729222671859', 'fbowell64@berkeley.edu'),
	('1729222671898', 'karthey65@canalblog.com'),
	('1729222671780', 'bcarletto66@engadget.com'),
	('1729222671919', 'gkobel67@va.gov'),
	('1729222671824', 'tgreer68@blogger.com'),
	('1729222671826', 'cbewley69@google.de'),
	('1729222671775', 'bcattel6a@miibeian.gov.cn'),
	('1729222671910', 'gbleyman6b@paypal.com'),
	('1729222671917', 'ehaslen6c@bluehost.com'),
	('1729222671861', 'cwillers6d@arstechnica.com'),
	('1729222671901', 'tmckmurrie6e@dedecms.com'),
	('1729222671834', 'mbarfoot6f@stumbleupon.com'),
	('1729222671871', 'gdunster6g@amazon.com'),
	('1729222671920', 'mwallen6h@shareasale.com'),
	('1729222671801', 'jmcpherson6i@istockphoto.com'),
	('1729222671849', 'brobertelli6j@tinypic.com'),
	('1729222671851', 'frowan6k@slashdot.org'),
	('1729222671880', 'bgiraux6l@fastcompany.com'),
	('1729222671908', 'mfarlham6m@japanpost.jp'),
	('1729222671905', 'kmcmillam6n@nydailynews.com'),
	('1729222671899', 'sswinnerton6o@wikipedia.org'),
	('1729222671788', 'lshemmin6p@engadget.com'),
	('1729222671824', 'sellar6q@tripod.com'),
	('1729222671789', 'btremaine6r@rakuten.co.jp'),
	('1729222671842', 'ngiamo6s@paginegialle.it'),
	('1729222671789', 'gbeddis6t@merriam-webster.com'),
	('1729222671845', 'bmcauslene6u@ovh.net'),
	('1729222671861', 'srothera6v@ted.com'),
	('1729222671786', 'kblock6w@joomla.org'),
	('1729222671880', 'rbattison6x@sciencedirect.com'),
	('1729222671792', 'beskrigg6y@sohu.com'),
	('1729222671777', 'jcambling6z@youtu.be'),
	('1729222671777', 'mreolfo70@senate.gov'),
	('1729222671785', 'cdarington71@google.ca'),
	('1729222671855', 'nrawcliffe72@opensource.org'),
	('1729222671785', 'lsetchell73@51.la'),
	('1729222671910', 'cspears74@bloomberg.com'),
	('1729222671818', 'bduncanson75@pcworld.com'),
	('1729222671906', 'rtredger76@imgur.com'),
	('1729222671852', 'cgoodinson77@tamu.edu'),
	('1729222671862', 'adeverill78@nsw.gov.au'),
	('1729222671894', 'tmorrieson79@odnoklassniki.ru'),
	('1729222671782', 'bwithers7a@example.com'),
	('1729222671888', 'steager7b@usgs.gov'),
	('1729222671916', 'arawe7c@mashable.com'),
	('1729222671835', 'mgaddes7d@amazon.co.uk'),
	('1729222671788', 'acrucetti7e@miibeian.gov.cn'),
	('1729222671795', 'abednall7f@craigslist.org'),
	('1729222671795', 'lderill7g@acquirethisname.com'),
	('1729222671792', 'fcapozzi7h@gov.uk'),
	('1729222671858', 'ltoma7i@biblegateway.com'),
	('1729222671877', 'dbrussels7j@ox.ac.uk'),
	('1729222671886', 'tforsdyke7k@biblegateway.com'),
	('1729222671917', 'helijahu7l@shutterfly.com'),
	('1729222671779', 'lawcoate7m@tuttocitta.it'),
	('1729222671804', 'mmatveichev7n@scribd.com'),
	('1729222671890', 'nalbertson7o@sciencedirect.com'),
	('1729222671850', 'gfullick7p@digg.com'),
	('1729222671912', 'elewsie7q@zdnet.com'),
	('1729222671859', 'moldershaw7r@lycos.com'),
	('1729222671844', 'wmeineken7s@imageshack.us'),
	('1729222671813', 'dmadden7t@pinterest.com'),
	('1729222671896', 'charriman7u@nasa.gov'),
	('1729222671897', 'ffetherston7v@opensource.org'),
	('1729222671827', 'dpheasey7w@indiatimes.com'),
	('1729222671843', 'ghuxster7x@mediafire.com'),
	('1729222671838', 'tsisselot7y@utexas.edu'),
	('1729222671777', 'wperl7z@theglobeandmail.com'),
	('1729222671867', 'oroarty80@imdb.com'),
	('1729222671877', 'cclail81@gravatar.com'),
	('1729222671895', 'slinsey82@go.com'),
	('1729222671781', 'tgapp83@opera.com'),
	('1729222671911', 'nensor84@nsw.gov.au'),
	('1729222671806', 'fmcturley85@apache.org'),
	('1729222671860', 'lsmallbone86@xinhuanet.com'),
	('1729222671829', 'mcuningham87@jigsy.com'),
	('1729222671878', 'cwetherill88@army.mil'),
	('1729222671800', 'dmartyns89@blinklist.com'),
	('1729222671784', 'sdupey8a@surveymonkey.com'),
	('1729222671781', 'rlound8b@booking.com');


INSERT INTO emailjuez (idolimpicoj, email) VALUES
	('1730596144787', 'nmarunchak0@nps.gov'),
	('1730596144861', 'rrevance1@google.cn'),
	('1730596144837', 'mgiovanizio2@issuu.com'),
	('1730596144809', 'rdalessio3@wired.com'),
	('1730596144783', 'mmidner4@domainmarket.com'),
	('1730596144950', 'jeaves5@unc.edu'),
	('1730596144933', 'nnorker6@youtube.com'),
	('1730596144937', 'gsehorsch7@census.gov'),
	('1730596144846', 'obrokenshaw8@newsvine.com'),
	('1730596144899', 'gsprasen9@angelfire.com'),
	('1730596144873', 'krobineta@barnesandnoble.com'),
	('1730596144799', 'sgalegob@nba.com'),
	('1730596144957', 'pchesterc@indiatimes.com'),
	('1730596144956', 'hpresslandd@seattletimes.com'),
	('1730596144890', 'iairdse@deliciousdays.com'),
	('1730596144898', 'wscyonef@wordpress.com'),
	('1730596144809', 'keichmanng@intel.com'),
	('1730596144960', 'kwindleyh@freewebs.com'),
	('1730596144845', 'sfehnersi@shinystat.com'),
	('1730596144820', 'ttamblingj@mashable.com'),
	('1730596144950', 'mdumberellk@forbes.com'),
	('1730596144855', 'cprewettl@livejournal.com'),
	('1730596144845', 'bbradtkem@mediafire.com'),
	('1730596144937', 'igillibrandn@bloomberg.com'),
	('1730596144806', 'jphoenixo@si.edu'),
	('1730596144950', 'sgillingp@ted.com'),
	('1730596144848', 'ehalfordq@goodreads.com'),
	('1730596144880', 'iburnellr@digg.com'),
	('1730596144944', 'odowtys@berkeley.edu'),
	('1730596144965', 'grodbournet@twitpic.com'),
	('1730596144810', 'mmaccaughanu@wired.com'),
	('1730596144904', 'llavalv@cnet.com'),
	('1730596144956', 'cducaenw@networksolutions.com'),
	('1730596144924', 'olewingtonx@weather.com'),
	('1730596144854', 'dbannardy@deviantart.com'),
	('1730596144806', 'lashtonz@techcrunch.com'),
	('1730596144907', 'censten10@gov.uk'),
	('1730596144779', 'fmintoff11@stumbleupon.com'),
	('1730596144907', 'ltwinn12@paypal.com'),
	('1730596144803', 'rdibartolommeo13@bandcamp.com'),
	('1730596144804', 'bivatts14@ucla.edu'),
	('1730596144815', 'emorl15@issuu.com'),
	('1730596144927', 'ngreenhall16@clickbank.net'),
	('1730596144844', 'dlasty17@youtube.com'),
	('1730596144860', 'eerangy18@sina.com.cn'),
	('1730596144950', 'echarer19@jimdo.com'),
	('1730596144942', 'jfeirn1a@t-online.de'),
	('1730596144923', 'bbravington1b@msn.com'),
	('1730596144946', 'khearmon1c@about.com'),
	('1730596144811', 'mmarfell1d@squidoo.com'),
	('1730596144930', 'jgoodlip1e@go.com'),
	('1730596144832', 'lwitt1f@godaddy.com'),
	('1730596144965', 'dpavy1g@phoca.cz'),
	('1730596144939', 'ddumberell1h@netscape.com'),
	('1730596144804', 'kdumigan1i@privacy.gov.au'),
	('1730596144810', 'hsaben1j@myspace.com'),
	('1730596144826', 'idunican1k@naver.com'),
	('1730596144801', 'bbaszniak1l@reference.com'),
	('1730596144791', 'cerrowe1m@home.pl'),
	('1730596144929', 'mcondy1n@mapy.cz'),
	('1730596144791', 'ftootal1o@google.ru'),
	('1730596144837', 'mpenwright1p@yahoo.co.jp'),
	('1730596144887', 'jgallety1q@princeton.edu'),
	('1730596144873', 'rnorthrop1r@ehow.com'),
	('1730596144852', 'rcarnier1s@tumblr.com'),
	('1730596144827', 'sbreit1t@cbsnews.com'),
	('1730596144900', 'ovickar1u@shinystat.com'),
	('1730596144856', 'jpountney1v@europa.eu'),
	('1730596144788', 'ooreagan1w@cyberchimps.com'),
	('1730596144966', 'hleyzell1x@github.com'),
	('1730596144881', 'banyene1y@lulu.com'),
	('1730596144908', 'clackie1z@bigcartel.com'),
	('1730596144939', 'agratrex20@tamu.edu'),
	('1730596144879', 'cdacosta21@biblegateway.com'),
	('1730596144779', 'kellum22@gizmodo.com'),
	('1730596144790', 'mbold23@buzzfeed.com'),
	('1730596144834', 'tbradly24@phpbb.com'),
	('1730596144870', 'ozmitruk25@gov.uk'),
	('1730596144841', 'ggores26@github.com'),
	('1730596144881', 'jocarroll27@privacy.gov.au'),
	('1730596144827', 'jdargue28@patch.com'),
	('1730596144830', 'vvenditti29@webeden.co.uk'),
	('1730596144922', 'gmanby2a@twitpic.com'),
	('1730596144961', 'wjenkerson2b@boston.com'),
	('1730596144857', 'fgilchrist2c@joomla.org'),
	('1730596144965', 'acostellow2d@github.io'),
	('1730596144843', 'cvasichev2e@bizjournals.com'),
	('1730596144806', 'jhuckleby2f@bloglovin.com'),
	('1730596144953', 'cgarriock2g@nationalgeographic.com'),
	('1730596144949', 'ddibbert2h@newsvine.com'),
	('1730596144917', 'mpadbury2i@huffingtonpost.com'),
	('1730596144824', 'mciccone2j@chronoengine.com'),
	('1730596144846', 'jcallendar2k@marriott.com'),
	('1730596144835', 'mtexton2l@nyu.edu'),
	('1730596144840', 'dfilpi2m@twitter.com'),
	('1730596144955', 'ekays2n@rakuten.co.jp'),
	('1730596144864', 'cmate2o@jimdo.com'),
	('1730596144913', 'rdealmeida2p@engadget.com'),
	('1730596144864', 'pmckinty2q@shareasale.com'),
	('1730596144948', 'cduffet2r@ifeng.com'),
	('1730596144932', 'mvain2s@skyrock.com'),
	('1730596144965', 'mhayles2t@dedecms.com'),
	('1730596144771', 'nlethlay2u@noaa.gov'),
	('1730596144835', 'tcastaneda2v@slate.com'),
	('1730596144778', 'fbenediktovich2w@europa.eu'),
	('1730596144842', 'vguerriero2x@1und1.de'),
	('1730596144964', 'lchilley2y@blogger.com'),
	('1730596144860', 'gmackartan2z@technorati.com'),
	('1730596144879', 'ghiggoe30@mayoclinic.com'),
	('1730596144865', 'gnoli31@bbc.co.uk'),
	('1730596144927', 'geble32@umich.edu'),
	('1730596144911', 'jwilloughby33@chron.com'),
	('1730596144960', 'cmulder34@dedecms.com'),
	('1730596144913', 'zpoulett35@businesswire.com'),
	('1730596144837', 'epittwood36@boston.com'),
	('1730596144835', 'casmus37@slideshare.net'),
	('1730596144837', 'apitcock38@google.ca'),
	('1730596144892', 'jburk39@etsy.com'),
	('1730596144926', 'zeeles3a@ask.com'),
	('1730596144947', 'enettleship3b@istockphoto.com'),
	('1730596144777', 'mdevonald3c@oracle.com'),
	('1730596144775', 'wdreng3d@pagesperso-orange.fr'),
	('1730596144827', 'sbickers3e@angelfire.com'),
	('1730596144803', 'rwordesworth3f@flickr.com'),
	('1730596144832', 'cmylan3g@ovh.net'),
	('1730596144859', 'bwastie3h@harvard.edu'),
	('1730596144863', 'apybus3i@telegraph.co.uk'),
	('1730596144947', 'lpollicatt3j@irs.gov'),
	('1730596144907', 'ogillbanks3k@tripadvisor.com'),
	('1730596144938', 'aferrer3l@meetup.com'),
	('1730596144798', 'ntower3m@chicagotribune.com'),
	('1730596144929', 'bbulbeck3n@vk.com'),
	('1730596144865', 'marsmith3o@abc.net.au'),
	('1730596144826', 'tlupson3p@indiegogo.com'),
	('1730596144898', 'lgate3q@go.com'),
	('1730596144875', 'sabrahmovici3r@un.org'),
	('1730596144943', 'gjancy3s@cbslocal.com'),
	('1730596144834', 'ttwyford3t@rakuten.co.jp'),
	('1730596144896', 'obentson3u@huffingtonpost.com'),
	('1730596144804', 'jmeeus3v@statcounter.com'),
	('1730596144899', 'bledbetter3w@reddit.com'),
	('1730596144886', 'kbrann3x@independent.co.uk'),
	('1730596144916', 'amatveichev3y@apache.org'),
	('1730596144961', 'afranz3z@liveinternet.ru'),
	('1730596144805', 'balbrook40@spiegel.de'),
	('1730596144929', 'eswindells41@shop-pro.jp'),
	('1730596144768', 'nwaterson42@answers.com'),
	('1730596144891', 'edeer43@washingtonpost.com'),
	('1730596144806', 'ghabbin44@businessinsider.com'),
	('1730596144902', 'dberfoot45@japanpost.jp'),
	('1730596144904', 'akondratowicz46@baidu.com'),
	('1730596144831', 'rcattellion47@webnode.com'),
	('1730596144843', 'moneile48@geocities.jp'),
	('1730596144960', 'jmowle49@google.com.au'),
	('1730596144868', 'bmordy4a@imgur.com'),
	('1730596144935', 'escogin4b@mediafire.com'),
	('1730596144956', 'nbenettini4c@globo.com'),
	('1730596144937', 'tsandilands4d@cdc.gov'),
	('1730596144913', 'jbyrde4e@instagram.com'),
	('1730596144963', 'walpine4f@bluehost.com'),
	('1730596144838', 'hseyers4g@jimdo.com'),
	('1730596144800', 'educarme4h@wisc.edu'),
	('1730596144954', 'mbrasier4i@spotify.com'),
	('1730596144925', 'gnassey4j@yolasite.com'),
	('1730596144821', 'aoxby4k@ted.com'),
	('1730596144921', 'wolohan4l@issuu.com'),
	('1730596144961', 'mtatlowe4m@simplemachines.org'),
	('1730596144807', 'rhavard4n@altervista.org'),
	('1730596144789', 'ccathro4o@china.com.cn'),
	('1730596144905', 'celesander4p@cisco.com'),
	('1730596144855', 'jstrutley4q@github.com'),
	('1730596144807', 'jalfonso4r@umich.edu'),
	('1730596144768', 'aricketts4s@cam.ac.uk'),
	('1730596144789', 'rdubose4t@alexa.com'),
	('1730596144825', 'bdanovich4u@omniture.com'),
	('1730596144809', 'jmchan4v@cpanel.net'),
	('1730596144913', 'adearing4w@wordpress.org'),
	('1730596144948', 'kpendre4x@state.gov'),
	('1730596144928', 'ccasillis4y@goo.ne.jp'),
	('1730596144858', 'pdran4z@nydailynews.com'),
	('1730596144799', 'aspini50@mayoclinic.com'),
	('1730596144860', 'lklimushev51@paginegialle.it'),
	('1730596144769', 'rmiskelly52@indiegogo.com'),
	('1730596144892', 'vblampied53@hubpages.com'),
	('1730596144946', 'hraitt54@vk.com'),
	('1730596144807', 'vcloake55@github.com'),
	('1730596144919', 'cpetrakov56@merriam-webster.com'),
	('1730596144907', 'jbakey57@rakuten.co.jp'),
	('1730596144802', 'cernke58@npr.org'),
	('1730596144935', 'edavson59@nationalgeographic.com'),
	('1730596144782', 'psnodden5a@etsy.com'),
	('1730596144917', 'bpinnock5b@census.gov'),
	('1730596144848', 'skemmer5c@github.io'),
	('1730596144821', 'dhurren5d@canalblog.com'),
	('1730596144880', 'tfollett5e@symantec.com'),
	('1730596144799', 'lfloweth5f@seesaa.net'),
	('1730596144956', 'jrawe5g@freewebs.com'),
	('1730596144857', 'gdunk5h@timesonline.co.uk'),
	('1730596144958', 'ecochrane5i@chicagotribune.com'),
	('1730596144873', 'hsiviour5j@seesaa.net'),
	('1730596144835', 'ejahncke5k@sitemeter.com'),
	('1730596144916', 'cmaccauley5l@aol.com'),
	('1730596144855', 'ctwinning5m@guardian.co.uk'),
	('1730596144871', 'clearmount5n@symantec.com'),
	('1730596144793', 'tmothersole5o@businesswire.com'),
	('1730596144816', 'fduckers5p@ucsd.edu'),
	('1730596144906', 'phawkswood5q@gmpg.org'),
	('1730596144862', 'sbeernt5r@dagondesign.com'),
	('1730596144895', 'tlabrum5s@squarespace.com'),
	('1730596144805', 'xhentze5t@ow.ly'),
	('1730596144890', 'dwellbeloved5u@google.com'),
	('1730596144782', 'wbreckenridge5v@samsung.com'),
	('1730596144903', 'bmckinney5w@prlog.org'),
	('1730596144948', 'laliman5x@etsy.com'),
	('1730596144830', 'cdobel5y@angelfire.com'),
	('1730596144951', 'wdexter5z@geocities.com'),
	('1730596144795', 'dwhotton60@moonfruit.com'),
	('1730596144943', 'rdegiorgi61@epa.gov'),
	('1730596144902', 'lantat62@sitemeter.com'),
	('1730596144880', 'lstegers63@free.fr'),
	('1730596144865', 'lsegges64@phpbb.com'),
	('1730596144888', 'oglazier65@paypal.com'),
	('1730596144785', 'ecasebourne66@home.pl'),
	('1730596144935', 'ywhanstall67@businesswire.com'),
	('1730596144861', 'agarlett68@chron.com'),
	('1730596144839', 'cbeckitt69@google.com.br'),
	('1730596144772', 'ptaberer6a@goo.gl'),
	('1730596144884', 'iblondin6b@biblegateway.com'),
	('1730596144859', 'kdunckley6c@de.vu'),
	('1730596144931', 'vmcowan6d@nydailynews.com'),
	('1730596144895', 'dcelez6e@istockphoto.com'),
	('1730596144959', 'dgriswaite6f@tmall.com'),
	('1730596144792', 'rdownse6g@godaddy.com'),
	('1730596144910', 'kleopold6h@lulu.com'),
	('1730596144871', 'ebourcq6i@slideshare.net'),
	('1730596144906', 'npimlock6j@pagesperso-orange.fr'),
	('1730596144830', 'asandells6k@wsj.com'),
	('1730596144935', 'tkasting6l@nature.com'),
	('1730596144929', 'mbedow6m@youtu.be'),
	('1730596144938', 'aprisk6n@barnesandnoble.com'),
	('1730596144844', 'lrevans6o@pinterest.com'),
	('1730596144902', 'amacnulty6p@studiopress.com'),
	('1730596144856', 'cdefraine6q@taobao.com'),
	('1730596144878', 'ccongrave6r@amazon.de'),
	('1730596144871', 'tcolter6s@odnoklassniki.ru'),
	('1730596144893', 'mcalcutt6t@state.tx.us'),
	('1730596144904', 'cdimberline6u@china.com.cn'),
	('1730596144797', 'apresslee6v@bluehost.com'),
	('1730596144879', 'nroyson6w@home.pl'),
	('1730596144958', 'jmccolm6x@salon.com'),
	('1730596144910', 'csemour6y@europa.eu'),
	('1730596144841', 'siianon6z@time.com'),
	('1730596144870', 'garends70@cmu.edu'),
	('1730596144912', 'bstanbury71@smugmug.com'),
	('1730596144961', 'mgieves72@i2i.jp'),
	('1730596144835', 'bromei73@bing.com'),
	('1730596144839', 'tronchetti74@dailymotion.com'),
	('1730596144964', 'mcrouch75@mayoclinic.com'),
	('1730596144833', 'mboyne76@devhub.com'),
	('1730596144910', 'fgoldenofireland77@cbc.ca'),
	('1730596144852', 'pblackaby78@yandex.ru'),
	('1730596144793', 'imcnab79@nsw.gov.au'),
	('1730596144838', 'foflaherty7a@youtube.com'),
	('1730596144771', 'mthow7b@w3.org'),
	('1730596144843', 'awall7c@networkadvertising.org'),
	('1730596144873', 'diwanowski7d@theglobeandmail.com'),
	('1730596144910', 'tstean7e@google.com.hk'),
	('1730596144910', 'dstallworth7f@umn.edu'),
	('1730596144954', 'ghaime7g@macromedia.com'),
	('1730596144945', 'tfrankcom7h@comcast.net'),
	('1730596144849', 'kcockerill7i@ca.gov'),
	('1730596144816', 'hduerden7j@posterous.com'),
	('1730596144823', 'hkybird7k@com.com'),
	('1730596144892', 'kcahan7l@cargocollective.com'),
	('1730596144776', 'ddelamaine7m@dagondesign.com'),
	('1730596144805', 'cjudkins7n@diigo.com'),
	('1730596144859', 'rhartley7o@devhub.com'),
	('1730596144898', 'peric7p@wix.com'),
	('1730596144864', 'nbreznovic7q@yolasite.com'),
	('1730596144915', 'cgooly7r@economist.com'),
	('1730596144811', 'rphipps7s@lycos.com'),
	('1730596144781', 'odanniell7t@exblog.jp'),
	('1730596144873', 'sblazewski7u@narod.ru'),
	('1730596144784', 'iwooffitt7v@phoca.cz'),
	('1730596144856', 'rmizen7w@people.com.cn'),
	('1730596144902', 'rvearncombe7x@oaic.gov.au'),
	('1730596144849', 'broddick7y@unicef.org'),
	('1730596144926', 'sgorring7z@icio.us'),
	('1730596144919', 'omotten80@tmall.com'),
	('1730596144887', 'mharborow81@ca.gov'),
	('1730596144776', 'mtainton82@surveymonkey.com'),
	('1730596144803', 'jmcbryde83@biblegateway.com'),
	('1730596144899', 'lprevett84@ftc.gov'),
	('1730596144844', 'hamyes85@wordpress.com'),
	('1730596144874', 'asaunper86@who.int'),
	('1730596144948', 'eblunsum87@scientificamerican.com'),
	('1730596144870', 'rborthwick88@dedecms.com'),
	('1730596144909', 'gogglebie89@go.com'),
	('1730596144844', 'tsinkings8a@uiuc.edu'),
	('1730596144773', 'mtabbernor8b@behance.net');
	
INSERT INTO usuario (idusuario) VALUES
	('dtatlock0'),
	('jsorley1'),
	('neliot2'),
	('cmcjarrow3'),
	('mmulran4'),
	('rpavel5'),
	('bmerveille6'),
	('ldepport7'),
	('kcottisford8'),
	('cterram9'),
	('sfiddya'),
	('aboutellb'),
	('mgummaryc'),
	('mgotthardd'),
	('ebillisone'),
	('sraubheimf'),
	('hlappineg'),
	('jemberyh'),
	('ssaketi'),
	('hkalinowskyj'),
	('cbramichk'),
	('eponterl'),
	('rsaunterm'),
	('kbackenn'),
	('cbossonso'),
	('bangrickp'),
	('rdobbsq'),
	('wpilkintonr'),
	('aransomes'),
	('soliphardt'),
	('lgoldsonu'),
	('akilbeev'),
	('gfassmanw'),
	('lpox'),
	('wpinely'),
	('jprahmz'),
	('abankhurst10'),
	('jmcallester11'),
	('sravenscroft12'),
	('egirard13'),
	('nwanell14'),
	('rgladdish15'),
	('rlomaz16'),
	('kchurly17'),
	('apaulat18'),
	('kdrinnan19'),
	('mgarrod1a'),
	('fjedrys1b'),
	('edunk1c'),
	('nnormaville1d'),
	('rmenichi1e'),
	('ccathenod1f'),
	('bgilley1g'),
	('ltinham1h'),
	('bmugleston1i'),
	('edallywater1j'),
	('tgilbane1k'),
	('zpennuzzi1l'),
	('wbickerdyke1m'),
	('tsciusscietto1n'),
	('ilupson1o'),
	('wslide1p'),
	('rnodin1q'),
	('jotierney1r'),
	('rvallance1s'),
	('rkhoter1t'),
	('cnibley1u'),
	('cdinnis1v'),
	('vpeltzer1w'),
	('cloughead1x'),
	('deaglestone1y'),
	('tmaunder1z'),
	('agately20'),
	('nclampin21'),
	('mager22'),
	('lgermon23'),
	('lkeming24'),
	('ggianullo25'),
	('kyielding26'),
	('lcastellanos27'),
	('bhuckerby28'),
	('gfery29'),
	('ajindacek2a'),
	('scronin2b'),
	('slensch2c'),
	('ayesinov2d'),
	('ksherwin2e'),
	('fattlee2f'),
	('cgribbon2g'),
	('jiacovaccio2h'),
	('bpietasch2i'),
	('bhubbold2j'),
	('djosephi2k'),
	('zoakenfall2l'),
	('kizatson2m'),
	('rwhate2n'),
	('bpenlington2o'),
	('fmacsharry2p'),
	('evenable2q'),
	('ljohantges2r'),
	('tgamett2s'),
	('pjosum2t'),
	('tjachimczak2u'),
	('ebockmaster2v'),
	('pkettlestringes2w'),
	('ebakhrushkin2x'),
	('pbrigstock2y'),
	('tdrewclifton2z'),
	('rpiggins30'),
	('bskeech31'),
	('jscalia32'),
	('fstobbart33'),
	('jbalke34'),
	('wcrumbleholme35'),
	('khannon36'),
	('cgeorgievski37'),
	('plumb38'),
	('dtomasoni39'),
	('fwakes3a'),
	('csedgemond3b'),
	('nhacun3c'),
	('pkeilty3d'),
	('mpauwel3e'),
	('sspofforth3f'),
	('sredd3g'),
	('sburbudge3h'),
	('cdenton3i'),
	('hruddom3j'),
	('grickerby3k'),
	('smcguinness3l'),
	('ntheyer3m'),
	('mbradnick3n'),
	('aeeles3o'),
	('redelston3p'),
	('fcaskey3q'),
	('rpobjoy3r'),
	('jcattonnet3s'),
	('tellick3t'),
	('nbentham3u'),
	('awhiten3v'),
	('cpybworth3w'),
	('gseyffert3x'),
	('kshugg3y'),
	('padenet3z'),
	('hneubigin40'),
	('smordan41'),
	('rlatham42'),
	('awareing43'),
	('gbunney44'),
	('rdennes45'),
	('acornier46'),
	('gskirvane47'),
	('cdalzell48'),
	('kkeenan49'),
	('telton4a'),
	('jpereira4b'),
	('jhuyhton4c'),
	('ftantum4d'),
	('swesson4e'),
	('rsenn4f'),
	('jblais4g'),
	('jcordingly4h'),
	('rklamp4i'),
	('uobrogane4j'),
	('dfylan4k'),
	('cledrun4l'),
	('rconnochie4m'),
	('bcalderbank4n'),
	('edennant4o'),
	('sshimony4p'),
	('bmacfadden4q'),
	('ebodiam4r'),
	('pwhettleton4s'),
	('zalmond4t'),
	('mcharman4u'),
	('dletty4v'),
	('sfrie4w'),
	('ccoweuppe4x'),
	('beuels4y'),
	('mgibbard4z'),
	('fruter50'),
	('cprugel51'),
	('mecob52'),
	('lverni53'),
	('ckitlee54'),
	('adourin55'),
	('kmougin56'),
	('shaslewood57'),
	('paspinal58'),
	('rgodthaab59'),
	('vnaile5a'),
	('tgoldie5b'),
	('telkins5c'),
	('bcisco5d'),
	('vcasoni5e'),
	('fhannen5f'),
	('csawood5g'),
	('mwalentynowicz5h'),
	('cpulley5i'),
	('pgantley5j');
	
INSERT INTO visitar (idusuario, idevento) VALUES
	('bhubbold2j', '1729232608343'),
	('fjedrys1b', '1729232608389'),
	('sspofforth3f', '1729232608422'),
	('aeeles3o', '1729232608440'),
	('bpietasch2i', '1729232608311'),
	('hruddom3j', '1729232608384'),
	('kmougin56', '1729232608365'),
	('plumb38', '1729232608392'),
	('rsenn4f', '1729232608426'),
	('hkalinowskyj', '1729232608311'),
	('cloughead1x', '1729232608416'),
	('dletty4v', '1729232608344'),
	('jemberyh', '1729232608389'),
	('nnormaville1d', '1729232608423'),
	('cterram9', '1729232608341'),
	('mpauwel3e', '1729232608455'),
	('wcrumbleholme35', '1729232608448'),
	('rlomaz16', '1729232608453'),
	('edunk1c', '1729232608449'),
	('gfery29', '1729232608313'),
	('bpietasch2i', '1729232608370'),
	('lgermon23', '1729232608381'),
	('mwalentynowicz5h', '1729232608455'),
	('gfassmanw', '1729232608414'),
	('nclampin21', '1729232608379'),
	('neliot2', '1729232608357'),
	('shaslewood57', '1729232608328'),
	('soliphardt', '1729232608375'),
	('scronin2b', '1729232608322'),
	('gfery29', '1729232608397'),
	('cdenton3i', '1729232608347'),
	('ftantum4d', '1729232608414'),
	('khannon36', '1729232608380'),
	('tjachimczak2u', '1729232608379'),
	('edennant4o', '1729232608343'),
	('gbunney44', '1729232608406'),
	('mwalentynowicz5h', '1729232608324'),
	('fhannen5f', '1729232608332'),
	('pwhettleton4s', '1729232608411'),
	('telton4a', '1729232608418'),
	('awhiten3v', '1729232608441'),
	('lgermon23', '1729232608363'),
	('ebockmaster2v', '1729232608323'),
	('dfylan4k', '1729232608330'),
	('fwakes3a', '1729232608425'),
	('fwakes3a', '1729232608438'),
	('bskeech31', '1729232608453'),
	('rnodin1q', '1729232608431'),
	('mgotthardd', '1729232608413'),
	('rconnochie4m', '1729232608346'),
	('tjachimczak2u', '1729232608398'),
	('rwhate2n', '1729232608443'),
	('bcalderbank4n', '1729232608343'),
	('nhacun3c', '1729232608366'),
	('bangrickp', '1729232608358'),
	('rnodin1q', '1729232608338'),
	('fattlee2f', '1729232608322'),
	('jblais4g', '1729232608327'),
	('ebakhrushkin2x', '1729232608313'),
	('bskeech31', '1729232608320'),
	('nwanell14', '1729232608438'),
	('cdinnis1v', '1729232608350'),
	('pkettlestringes2w', '1729232608394'),
	('lgermon23', '1729232608388'),
	('ggianullo25', '1729232608400'),
	('wpinely', '1729232608328'),
	('bmugleston1i', '1729232608326'),
	('grickerby3k', '1729232608331'),
	('mbradnick3n', '1729232608362'),
	('rlomaz16', '1729232608375'),
	('rgodthaab59', '1729232608430'),
	('wpinely', '1729232608408'),
	('uobrogane4j', '1729232608346'),
	('bpenlington2o', '1729232608384'),
	('bcisco5d', '1729232608376'),
	('jcattonnet3s', '1729232608365'),
	('fwakes3a', '1729232608385'),
	('grickerby3k', '1729232608428'),
	('zalmond4t', '1729232608396'),
	('nbentham3u', '1729232608379'),
	('jbalke34', '1729232608417'),
	('neliot2', '1729232608388'),
	('lgermon23', '1729232608442'),
	('rkhoter1t', '1729232608388'),
	('vnaile5a', '1729232608331'),
	('bcalderbank4n', '1729232608390'),
	('rsenn4f', '1729232608313'),
	('nwanell14', '1729232608420'),
	('evenable2q', '1729232608334'),
	('ckitlee54', '1729232608323'),
	('ckitlee54', '1729232608402'),
	('cgribbon2g', '1729232608372'),
	('tgoldie5b', '1729232608425'),
	('egirard13', '1729232608333'),
	('cgribbon2g', '1729232608418'),
	('awareing43', '1729232608348'),
	('fruter50', '1729232608438'),
	('zalmond4t', '1729232608409'),
	('rsenn4f', '1729232608337'),
	('lcastellanos27', '1729232608338'),
	('sspofforth3f', '1729232608346'),
	('zalmond4t', '1729232608422'),
	('cmcjarrow3', '1729232608396'),
	('cgribbon2g', '1729232608429'),
	('jblais4g', '1729232608381'),
	('cterram9', '1729232608357'),
	('kyielding26', '1729232608400'),
	('kdrinnan19', '1729232608398'),
	('ntheyer3m', '1729232608439'),
	('wslide1p', '1729232608385'),
	('bskeech31', '1729232608425'),
	('jiacovaccio2h', '1729232608321'),
	('ntheyer3m', '1729232608331'),
	('vcasoni5e', '1729232608321'),
	('bhuckerby28', '1729232608429'),
	('adourin55', '1729232608439'),
	('bpietasch2i', '1729232608349'),
	('mgotthardd', '1729232608342'),
	('mgibbard4z', '1729232608324'),
	('bskeech31', '1729232608318'),
	('jblais4g', '1729232608414'),
	('bcisco5d', '1729232608424'),
	('cledrun4l', '1729232608351'),
	('nwanell14', '1729232608439'),
	('rpavel5', '1729232608322'),
	('egirard13', '1729232608396'),
	('kcottisford8', '1729232608430'),
	('cloughead1x', '1729232608362'),
	('edunk1c', '1729232608339'),
	('jemberyh', '1729232608320'),
	('mgibbard4z', '1729232608316'),
	('jscalia32', '1729232608357'),
	('nclampin21', '1729232608454'),
	('evenable2q', '1729232608383'),
	('jprahmz', '1729232608410'),
	('fhannen5f', '1729232608347'),
	('dtomasoni39', '1729232608340'),
	('kshugg3y', '1729232608378'),
	('sspofforth3f', '1729232608406'),
	('bmacfadden4q', '1729232608421'),
	('sraubheimf', '1729232608436'),
	('ckitlee54', '1729232608309'),
	('uobrogane4j', '1729232608365'),
	('slensch2c', '1729232608316'),
	('rwhate2n', '1729232608306'),
	('sspofforth3f', '1729232608360'),
	('tgoldie5b', '1729232608391'),
	('nbentham3u', '1729232608397'),
	('wbickerdyke1m', '1729232608442'),
	('hneubigin40', '1729232608372'),
	('zoakenfall2l', '1729232608374'),
	('mcharman4u', '1729232608406'),
	('smordan41', '1729232608420'),
	('bskeech31', '1729232608426'),
	('sspofforth3f', '1729232608405'),
	('bhuckerby28', '1729232608345'),
	('ntheyer3m', '1729232608339'),
	('cdenton3i', '1729232608371'),
	('hruddom3j', '1729232608394'),
	('abankhurst10', '1729232608439'),
	('swesson4e', '1729232608371'),
	('sshimony4p', '1729232608368'),
	('rwhate2n', '1729232608349'),
	('egirard13', '1729232608330'),
	('pjosum2t', '1729232608382'),
	('slensch2c', '1729232608393'),
	('edunk1c', '1729232608367'),
	('jsorley1', '1729232608345'),
	('rlomaz16', '1729232608374'),
	('vnaile5a', '1729232608365'),
	('ebillisone', '1729232608404'),
	('beuels4y', '1729232608326'),
	('ltinham1h', '1729232608325'),
	('lgoldsonu', '1729232608364'),
	('ilupson1o', '1729232608339'),
	('fmacsharry2p', '1729232608352'),
	('ldepport7', '1729232608453'),
	('ljohantges2r', '1729232608382'),
	('jemberyh', '1729232608428'),
	('wbickerdyke1m', '1729232608308'),
	('rkhoter1t', '1729232608399'),
	('rmenichi1e', '1729232608448'),
	('rlatham42', '1729232608316'),
	('kchurly17', '1729232608350'),
	('padenet3z', '1729232608332'),
	('mpauwel3e', '1729232608314'),
	('tdrewclifton2z', '1729232608326'),
	('sfiddya', '1729232608385'),
	('cnibley1u', '1729232608430'),
	('bpietasch2i', '1729232608344'),
	('ckitlee54', '1729232608414'),
	('edennant4o', '1729232608390'),
	('rpavel5', '1729232608335'),
	('ebockmaster2v', '1729232608333'),
	('smordan41', '1729232608432'),
	('jblais4g', '1729232608360'),
	('mcharman4u', '1729232608440'),
	('nbentham3u', '1729232608409'),
	('kkeenan49', '1729232608394'),
	('bmugleston1i', '1729232608442'),
	('ntheyer3m', '1729232608335'),
	('jiacovaccio2h', '1729232608377'),
	('zoakenfall2l', '1729232608371'),
	('ccoweuppe4x', '1729232608384'),
	('ssaketi', '1729232608400'),
	('zpennuzzi1l', '1729232608412'),
	('rvallance1s', '1729232608423'),
	('scronin2b', '1729232608334'),
	('jpereira4b', '1729232608369'),
	('gfassmanw', '1729232608335'),
	('tgamett2s', '1729232608342'),
	('eponterl', '1729232608419'),
	('awhiten3v', '1729232608342'),
	('redelston3p', '1729232608453'),
	('fstobbart33', '1729232608428'),
	('pgantley5j', '1729232608373'),
	('hkalinowskyj', '1729232608394'),
	('ssaketi', '1729232608361'),
	('mbradnick3n', '1729232608391'),
	('rmenichi1e', '1729232608335'),
	('mpauwel3e', '1729232608449'),
	('cledrun4l', '1729232608392'),
	('bangrickp', '1729232608352'),
	('cdinnis1v', '1729232608418'),
	('cnibley1u', '1729232608415'),
	('beuels4y', '1729232608398'),
	('egirard13', '1729232608377'),
	('nbentham3u', '1729232608316'),
	('hlappineg', '1729232608382'),
	('vcasoni5e', '1729232608383'),
	('nnormaville1d', '1729232608371'),
	('zalmond4t', '1729232608348'),
	('sburbudge3h', '1729232608331'),
	('rpiggins30', '1729232608361'),
	('sshimony4p', '1729232608393'),
	('bhubbold2j', '1729232608400'),
	('jprahmz', '1729232608387'),
	('cledrun4l', '1729232608309'),
	('akilbeev', '1729232608439'),
	('eponterl', '1729232608377'),
	('lgoldsonu', '1729232608333'),
	('sshimony4p', '1729232608400'),
	('jpereira4b', '1729232608342'),
	('tellick3t', '1729232608447'),
	('aeeles3o', '1729232608428'),
	('tdrewclifton2z', '1729232608435'),
	('sspofforth3f', '1729232608398'),
	('bcalderbank4n', '1729232608411'),
	('hlappineg', '1729232608339'),
	('fcaskey3q', '1729232608318'),
	('scronin2b', '1729232608433'),
	('scronin2b', '1729232608364'),
	('jiacovaccio2h', '1729232608414'),
	('ccathenod1f', '1729232608309'),
	('cbramichk', '1729232608351'),
	('scronin2b', '1729232608365'),
	('bmerveille6', '1729232608309'),
	('tmaunder1z', '1729232608398'),
	('mgotthardd', '1729232608344'),
	('ayesinov2d', '1729232608350'),
	('mgibbard4z', '1729232608444'),
	('tdrewclifton2z', '1729232608310'),
	('wslide1p', '1729232608328'),
	('zalmond4t', '1729232608316'),
	('lgoldsonu', '1729232608390'),
	('edallywater1j', '1729232608360'),
	('ebakhrushkin2x', '1729232608347'),
	('csawood5g', '1729232608334'),
	('gfassmanw', '1729232608415'),
	('fcaskey3q', '1729232608428'),
	('telkins5c', '1729232608360'),
	('mwalentynowicz5h', '1729232608397'),
	('pwhettleton4s', '1729232608334'),
	('swesson4e', '1729232608340'),
	('bcisco5d', '1729232608322'),
	('bskeech31', '1729232608344'),
	('pkeilty3d', '1729232608440'),
	('kkeenan49', '1729232608398'),
	('cgribbon2g', '1729232608406'),
	('khannon36', '1729232608332'),
	('dfylan4k', '1729232608446'),
	('scronin2b', '1729232608342'),
	('rsaunterm', '1729232608411'),
	('fstobbart33', '1729232608407'),
	('cterram9', '1729232608318'),
	('kcottisford8', '1729232608389'),
	('cterram9', '1729232608330'),
	('pwhettleton4s', '1729232608380'),
	('fruter50', '1729232608322'),
	('jhuyhton4c', '1729232608327'),
	('kyielding26', '1729232608361'),
	('cdalzell48', '1729232608389'),
	('zalmond4t', '1729232608446'),
	('jscalia32', '1729232608450'),
	('wcrumbleholme35', '1729232608313'),
	('evenable2q', '1729232608307'),
	('mager22', '1729232608439'),
	('gseyffert3x', '1729232608417'),
	('wcrumbleholme35', '1729232608335'),
	('fruter50', '1729232608341'),
	('kkeenan49', '1729232608431'),
	('lverni53', '1729232608349'),
	('cmcjarrow3', '1729232608374'),
	('ltinham1h', '1729232608453'),
	('mwalentynowicz5h', '1729232608411'),
	('nhacun3c', '1729232608403'),
	('rmenichi1e', '1729232608344'),
	('eponterl', '1729232608414'),
	('kbackenn', '1729232608382'),
	('sraubheimf', '1729232608316'),
	('mbradnick3n', '1729232608396'),
	('cdinnis1v', '1729232608395'),
	('rgladdish15', '1729232608313'),
	('cdalzell48', '1729232608426'),
	('edallywater1j', '1729232608329'),
	('cpulley5i', '1729232608435'),
	('khannon36', '1729232608347'),
	('pbrigstock2y', '1729232608322'),
	('hkalinowskyj', '1729232608379'),
	('gskirvane47', '1729232608344'),
	('ftantum4d', '1729232608345'),
	('rpavel5', '1729232608425'),
	('tjachimczak2u', '1729232608340'),
	('lcastellanos27', '1729232608360'),
	('mbradnick3n', '1729232608451'),
	('cgribbon2g', '1729232608364'),
	('rpobjoy3r', '1729232608411'),
	('cnibley1u', '1729232608424'),
	('bangrickp', '1729232608359'),
	('pgantley5j', '1729232608430'),
	('fjedrys1b', '1729232608435'),
	('dfylan4k', '1729232608319'),
	('cloughead1x', '1729232608307'),
	('rpobjoy3r', '1729232608333'),
	('jprahmz', '1729232608361'),
	('smcguinness3l', '1729232608423'),
	('ilupson1o', '1729232608330'),
	('mpauwel3e', '1729232608432'),
	('mcharman4u', '1729232608365'),
	('rsaunterm', '1729232608446'),
	('grickerby3k', '1729232608351'),
	('lcastellanos27', '1729232608442'),
	('uobrogane4j', '1729232608384'),
	('sfrie4w', '1729232608382'),
	('telton4a', '1729232608335'),
	('grickerby3k', '1729232608418'),
	('ssaketi', '1729232608382'),
	('fruter50', '1729232608327'),
	('redelston3p', '1729232608448'),
	('gskirvane47', '1729232608317'),
	('lgermon23', '1729232608429'),
	('jscalia32', '1729232608388'),
	('cnibley1u', '1729232608448'),
	('mbradnick3n', '1729232608411'),
	('telkins5c', '1729232608368'),
	('zoakenfall2l', '1729232608311'),
	('mgummaryc', '1729232608420'),
	('sredd3g', '1729232608313'),
	('mgarrod1a', '1729232608453'),
	('cbossonso', '1729232608429'),
	('kkeenan49', '1729232608419'),
	('nnormaville1d', '1729232608387'),
	('cdalzell48', '1729232608410'),
	('rvallance1s', '1729232608309'),
	('sredd3g', '1729232608407'),
	('soliphardt', '1729232608329'),
	('gfassmanw', '1729232608436'),
	('eponterl', '1729232608419'),
	('fhannen5f', '1729232608399'),
	('fruter50', '1729232608430'),
	('fhannen5f', '1729232608414'),
	('cpulley5i', '1729232608415'),
	('apaulat18', '1729232608349'),
	('bmugleston1i', '1729232608311'),
	('ljohantges2r', '1729232608439'),
	('pkeilty3d', '1729232608353'),
	('mgotthardd', '1729232608411'),
	('ltinham1h', '1729232608377'),
	('zpennuzzi1l', '1729232608337'),
	('fruter50', '1729232608350'),
	('rpobjoy3r', '1729232608330'),
	('ebockmaster2v', '1729232608334'),
	('aeeles3o', '1729232608365'),
	('jotierney1r', '1729232608353'),
	('mbradnick3n', '1729232608334'),
	('bpietasch2i', '1729232608375'),
	('pgantley5j', '1729232608395'),
	('rgladdish15', '1729232608388'),
	('rlomaz16', '1729232608340'),
	('hneubigin40', '1729232608348'),
	('rsaunterm', '1729232608324'),
	('cbossonso', '1729232608440'),
	('khannon36', '1729232608308'),
	('rgladdish15', '1729232608379'),
	('nhacun3c', '1729232608360'),
	('adourin55', '1729232608430'),
	('kdrinnan19', '1729232608392'),
	('aransomes', '1729232608419'),
	('jcordingly4h', '1729232608406'),
	('dtomasoni39', '1729232608328'),
	('mager22', '1729232608380'),
	('jcattonnet3s', '1729232608348'),
	('lgoldsonu', '1729232608424'),
	('lkeming24', '1729232608311'),
	('nnormaville1d', '1729232608385'),
	('sfrie4w', '1729232608403'),
	('ggianullo25', '1729232608410'),
	('sshimony4p', '1729232608386'),
	('pwhettleton4s', '1729232608315'),
	('awareing43', '1729232608443'),
	('bmerveille6', '1729232608438'),
	('sshimony4p', '1729232608426'),
	('pgantley5j', '1729232608379'),
	('awareing43', '1729232608419'),
	('rwhate2n', '1729232608394'),
	('sburbudge3h', '1729232608408'),
	('zoakenfall2l', '1729232608388'),
	('sburbudge3h', '1729232608369'),
	('rdennes45', '1729232608428'),
	('nwanell14', '1729232608311'),
	('fattlee2f', '1729232608375'),
	('mbradnick3n', '1729232608332'),
	('sravenscroft12', '1729232608452'),
	('dtatlock0', '1729232608415'),
	('nclampin21', '1729232608435'),
	('cledrun4l', '1729232608451'),
	('rsaunterm', '1729232608408'),
	('jbalke34', '1729232608358'),
	('pkeilty3d', '1729232608313'),
	('lpox', '1729232608414'),
	('pkettlestringes2w', '1729232608406'),
	('fstobbart33', '1729232608343'),
	('plumb38', '1729232608432'),
	('rmenichi1e', '1729232608367'),
	('kkeenan49', '1729232608398'),
	('csedgemond3b', '1729232608329'),
	('bmugleston1i', '1729232608374'),
	('rvallance1s', '1729232608420'),
	('mgarrod1a', '1729232608375'),
	('jiacovaccio2h', '1729232608454'),
	('ksherwin2e', '1729232608419'),
	('kizatson2m', '1729232608373'),
	('deaglestone1y', '1729232608380'),
	('abankhurst10', '1729232608339'),
	('rgladdish15', '1729232608421'),
	('smcguinness3l', '1729232608397'),
	('cnibley1u', '1729232608321'),
	('dtomasoni39', '1729232608347'),
	('aboutellb', '1729232608419'),
	('gseyffert3x', '1729232608341'),
	('lkeming24', '1729232608391'),
	('ebillisone', '1729232608422'),
	('ebillisone', '1729232608403'),
	('rgladdish15', '1729232608408'),
	('ebillisone', '1729232608434'),
	('sspofforth3f', '1729232608377'),
	('mpauwel3e', '1729232608449'),
	('jblais4g', '1729232608364'),
	('fstobbart33', '1729232608421'),
	('tmaunder1z', '1729232608380'),
	('egirard13', '1729232608422'),
	('bhuckerby28', '1729232608351'),
	('padenet3z', '1729232608328'),
	('tgamett2s', '1729232608330'),
	('bmugleston1i', '1729232608336'),
	('vpeltzer1w', '1729232608451'),
	('fhannen5f', '1729232608435'),
	('bhuckerby28', '1729232608338'),
	('jcattonnet3s', '1729232608424'),
	('lgoldsonu', '1729232608315'),
	('wcrumbleholme35', '1729232608453'),
	('paspinal58', '1729232608415'),
	('abankhurst10', '1729232608317'),
	('mgibbard4z', '1729232608448'),
	('kdrinnan19', '1729232608418'),
	('ljohantges2r', '1729232608371'),
	('bmacfadden4q', '1729232608386'),
	('eponterl', '1729232608346'),
	('bmacfadden4q', '1729232608374'),
	('lkeming24', '1729232608335'),
	('bskeech31', '1729232608306'),
	('evenable2q', '1729232608439'),
	('jprahmz', '1729232608439'),
	('fattlee2f', '1729232608310'),
	('sravenscroft12', '1729232608404'),
	('wslide1p', '1729232608362'),
	('smordan41', '1729232608416'),
	('dtatlock0', '1729232608405'),
	('plumb38', '1729232608434'),
	('sfiddya', '1729232608453'),
	('redelston3p', '1729232608374'),
	('zoakenfall2l', '1729232608412'),
	('ccathenod1f', '1729232608344'),
	('mager22', '1729232608396'),
	('sraubheimf', '1729232608408'),
	('ebockmaster2v', '1729232608342'),
	('grickerby3k', '1729232608402'),
	('sfrie4w', '1729232608453'),
	('mgotthardd', '1729232608409'),
	('kbackenn', '1729232608360');